sd1;info;rosiner;optage;R;afl;oevelser;udebliver;arbejde;fritid;afstand;studie;forel;haekle;fiske;rulleski;fodbold;kor;renovere
ja;Ja en del af informationen;Med;ja det vil være en stor fordel for mig;Jeg kan lave nogle simple beregninger i R;Ja;Næsten hver gang;Ikke relevant for mig da jeg møder op medmindre jeg er syg;8 timer;Renovere sin bolig,Træne det lokale U7-pigehold i fodbold;NA;NA;NA;FALSE;FALSE;FALSE;TRUE;FALSE;TRUE
ja;Ja det hele;Uden;ja det vil være en stor fordel for mig;Jeg kan lave nogle simple beregninger i R;Ja;Hver gang;Jeg ønsker ikke at svare;6 timer;NA;NA;NA;NA;NA;NA;NA;NA;NA;NA
ja;Ja det hele;Uden;ja men jeg vil ikke se ret mange af videoerne;Jeg kan lave nogle simple beregninger i R;Ja;Næsten hver gang;Ikke relevant for mig da jeg møder op medmindre jeg er syg;5;Synge i kor,Fiske,Træne det lokale U7-pigehold i fodbold;NA;jordbrugsøkonomi;NA;FALSE;TRUE;FALSE;TRUE;TRUE;FALSE
hverken ja eller nej;Ja en del af informationen;Uden;ja det vil være en stor fordel for mig;Jeg kan lave nogle simple beregninger i R;Ja;Hver gang;Ikke relevant for mig da jeg møder op medmindre jeg er syg;NA;Synge i kor,Fiske,Træne det lokale U7-pigehold i fodbold;7,0;naturressourcer;Forelæseren skal også sige noget andet end det der står i lærebogen,Forelæseren skal overholde pauserne,Der skal være pauser i forelæsningen hvor de studerende skal tænke over nogle faglige ting,Der skal være afsat meget tid til spørgsmål fra de studerende;FALSE;TRUE;FALSE;TRUE;TRUE;FALSE
ja;Ja det hele;Uden;ja det vil være en stor fordel for mig;Jeg har styr på det meste fra tidligere kurser hvor jeg har brugt R;Ja;Hver gang;Ikke relevant for mig da jeg møder op medmindre jeg er syg;4 timer ca. meget forskelligt fra uge til uge;Renovere sin bolig,Køre på rulleski,Træne det lokale U7-pigehold i fodbold;26,4;husdyrvidenskab;Forelæseren skal også sige noget andet end det der står i lærebogen,Der skal være pauser i forelæsningen hvor de studerende skal tænke over nogle faglige ting;FALSE;FALSE;TRUE;TRUE;FALSE;TRUE
ja;Ja en del af informationen;Det har jeg ingen mening om;ja det vil være en stor fordel for mig;Jeg har brugt R før men kan intet huske;Ja;Hver gang;Ikke relevant for mig da jeg møder op medmindre jeg er syg;0 timer;Renovere sin bolig,Fiske,Træne det lokale U7-pigehold i fodbold;21,4;bioteknologi;Forelæseren skal overholde pauserne,Der skal være pauser i forelæsningen hvor de studerende skal tænke over nogle faglige ting;FALSE;TRUE;FALSE;TRUE;FALSE;TRUE
ja;Ja det hele;Med;ja men jeg vil ikke se ret mange af videoerne;Jeg kan lave nogle simple beregninger i R;Ja;Næsten hver gang;Ikke relevant for mig da jeg møder op medmindre jeg er syg;Jeg er nuværende mellem arbejde men har sat tid af i ugen til en 4-5 timers arbejde;Hækle,Synge i kor,Træne det lokale U7-pigehold i fodbold;37,8;bioteknologi;Der skal være pauser i forelæsningen hvor de studerende skal tænke over nogle faglige ting;TRUE;FALSE;FALSE;TRUE;TRUE;FALSE
hverken ja eller nej;Ja en del af informationen;Uden;ja det vil være en stor fordel for mig;Jeg kan lave nogle simple beregninger i R;Ja;Hver gang;Ikke relevant for mig da jeg møder op medmindre jeg er syg;ca 5-8 timer;Renovere sin bolig,Synge i kor,Fiske;12,7;bioteknologi;Forelæseren skal helst sige det samme som i lærebogen,Forelæseren skal overholde pauserne,Der skal være pauser i forelæsningen hvor de studerende skal tænke over nogle faglige ting;FALSE;TRUE;FALSE;FALSE;TRUE;TRUE
ja;Ja en del af informationen;Uden;ja det vil være en stor fordel for mig;Jeg har styr på det meste fra tidligere kurser hvor jeg har brugt R;Ja;Halvdelen af gangene (ca. 1 gang om ugen);Undervisningen ligger for sent på dagen i forhold til studiejob/andre aktiviteter;10-15;Synge i kor,Køre på rulleski,Træne det lokale U7-pigehold i fodbold;12,4;bioteknologi;Forelæseren skal også sige noget andet end det der står i lærebogen,Der skal være pauser i forelæsningen hvor de studerende skal tænke over nogle faglige ting;FALSE;FALSE;TRUE;TRUE;TRUE;FALSE
hverken ja eller nej;Ja det hele;Uden;ja det vil være en stor fordel for mig;Jeg har styr på det meste fra tidligere kurser hvor jeg har brugt R;Ja;Næsten hver gang;Jeg føler at mit udbytte af at møde op er meget lille;0;Renovere sin bolig,Fiske,Træne det lokale U7-pigehold i fodbold;2,2;husdyrvidenskab;Forelæseren skal helst sige det samme som i lærebogen,Forelæseren skal også sige noget andet end det der står i lærebogen,Forelæseren skal overholde pauserne,Der skal være pauser i forelæsningen hvor de studerende skal tænke over nogle faglige ting;FALSE;TRUE;FALSE;TRUE;FALSE;TRUE
ja;Ja en del af informationen;Uden;ja men jeg vil ikke se ret mange af videoerne;Jeg har styr på det meste fra tidligere kurser hvor jeg har brugt R;Ja;Hver gang;Ikke relevant for mig da jeg møder op medmindre jeg er syg;har ikke arbejde, men hvis jeg havde vil jeg bestræbe mig efter at bruge 10-12 timer om ugen i gennemsnit.;Fiske,Køre på rulleski,Træne det lokale U7-pigehold i fodbold;8,0;naturressourcer;Forelæseren skal helst sige det samme som i lærebogen,Forelæseren skal også sige noget andet end det der står i lærebogen,Forelæseren skal overholde pauserne,Der skal være pauser i forelæsningen hvor de studerende skal tænke over nogle faglige ting;FALSE;TRUE;TRUE;TRUE;FALSE;FALSE
ja;Ja det hele;Med;ja men jeg vil ikke se ret mange af videoerne;Jeg kan lave nogle simple beregninger i R;Ja;Hver gang;Undervisningen ligger for sent på dagen i forhold til studiejob/andre aktiviteter;0;Renovere sin bolig,Fiske,Køre på rulleski;16,2;naturressourcer;Forelæseren skal også sige noget andet end det der står i lærebogen,Forelæseren skal overholde pauserne,Der skal være pauser i forelæsningen hvor de studerende skal tænke over nogle faglige ting;FALSE;TRUE;TRUE;FALSE;FALSE;TRUE
hverken ja eller nej;Nej slet ikke;Uden;ja men jeg vil ikke se ret mange af videoerne;Jeg har brugt R før men kan intet huske;Ja;Hver gang;Ikke relevant for mig da jeg møder op medmindre jeg er syg;6;Synge i kor,Fiske,Træne det lokale U7-pigehold i fodbold;3,1;naturressourcer;Forelæseren skal også sige noget andet end det der står i lærebogen,Forelæseren skal overholde pauserne,Der skal være pauser i forelæsningen hvor de studerende skal tænke over nogle faglige ting;FALSE;TRUE;FALSE;TRUE;TRUE;FALSE
hverken ja eller nej;Ja det hele;Det har jeg ingen mening om;ja men jeg vil ikke se ret mange af videoerne;Jeg kan lave nogle simple beregninger i R;Det ved jeg ikke;Næsten hver gang;Ikke relevant for mig da jeg møder op medmindre jeg er syg;8 timer;Fiske,Køre på rulleski,Træne det lokale U7-pigehold i fodbold;5,3;husdyrvidenskab;Forelæseren skal overholde pauserne;FALSE;TRUE;TRUE;TRUE;FALSE;FALSE
hverken ja eller nej;Ja en del af informationen;Uden;ja det vil være en stor fordel for mig;Jeg har brugt R før men kan intet huske;Ja;Hver gang;Ikke relevant for mig da jeg møder op medmindre jeg er syg;0;Renovere sin bolig,Fiske,Træne det lokale U7-pigehold i fodbold;7,2;jordbrugsøkonomi;Forelæseren skal overholde pauserne;FALSE;TRUE;FALSE;TRUE;FALSE;TRUE
hverken ja eller nej;Ja det hele;Uden;ja men jeg vil ikke se ret mange af videoerne;Jeg kan lave nogle simple beregninger i R;Ja;Hver gang;Ikke relevant for mig da jeg møder op medmindre jeg er syg;0;Fiske,Køre på rulleski,Træne det lokale U7-pigehold i fodbold;12,7;bioteknologi;Forelæseren skal også sige noget andet end det der står i lærebogen,Der skal være pauser i forelæsningen hvor de studerende skal tænke over nogle faglige ting;FALSE;TRUE;TRUE;TRUE;FALSE;FALSE
hverken ja eller nej;Ja en del af informationen;Uden;ja men jeg vil ikke se ret mange af videoerne;Jeg kan lave nogle simple beregninger i R;Ja;Hver gang;Jeg føler at mit udbytte af at møde op er meget lille;5,5;Renovere sin bolig,Fiske,Træne det lokale U7-pigehold i fodbold;3,6;bioteknologi;Forelæseren skal helst sige det samme som i lærebogen,Forelæseren skal overholde pauserne,Der skal være pauser i forelæsningen hvor de studerende skal tænke over nogle faglige ting;FALSE;TRUE;FALSE;TRUE;FALSE;TRUE
nej;Ja en del af informationen;Med;ja det vil være en stor fordel for mig;Jeg har styr på det meste fra tidligere kurser hvor jeg har brugt R;Ja;Hver gang;Ikke relevant for mig da jeg møder op medmindre jeg er syg;8;Synge i kor,Fiske,Træne det lokale U7-pigehold i fodbold;4,5;husdyrvidenskab;Forelæseren skal også sige noget andet end det der står i lærebogen,Forelæseren skal overholde pauserne;FALSE;TRUE;FALSE;TRUE;TRUE;FALSE
ja;Ja en del af informationen;Uden;ja det vil være en stor fordel for mig;Jeg kan lave nogle simple beregninger i R;Ja;Hver gang;Ikke relevant for mig da jeg møder op medmindre jeg er syg;5 timer;Hækle,Fiske,Træne det lokale U7-pigehold i fodbold;12,7;bioteknologi;Forelæseren skal helst sige det samme som i lærebogen,Forelæseren skal overholde pauserne,Der skal være pauser i forelæsningen hvor de studerende skal tænke over nogle faglige ting;TRUE;TRUE;FALSE;TRUE;FALSE;FALSE
hverken ja eller nej;Ja en del af informationen;Uden;ja det vil være en stor fordel for mig;Jeg kan lave nogle simple beregninger i R;Ja;Næsten hver gang;Undervisningen ligger for sent på dagen i forhold til studiejob/andre aktiviteter;10 timer;Synge i kor,Køre på rulleski,Træne det lokale U7-pigehold i fodbold;4,3;bioteknologi;Forelæseren skal også sige noget andet end det der står i lærebogen,Forelæseren skal overholde pauserne;FALSE;FALSE;TRUE;TRUE;TRUE;FALSE
ja;Ja det hele;Uden;nej det er lige meget;Jeg kan lave nogle simple beregninger i R;Ja;Halvdelen af gangene (ca. 1 gang om ugen);Ikke relevant for mig da jeg møder op medmindre jeg er syg;7;Synge i kor,Køre på rulleski,Træne det lokale U7-pigehold i fodbold;8,4;naturressourcer;NA;FALSE;FALSE;TRUE;TRUE;TRUE;FALSE
ja;Ja det hele;Uden;ja men jeg vil ikke se ret mange af videoerne;Jeg kan lave nogle simple beregninger i R;Ja;Hver gang;Jeg ikke kan tage mig sammen til at komme ud af døren;8 timer;Synge i kor,Fiske,Køre på rulleski;12,3;husdyrvidenskab;Forelæseren skal overholde pauserne,Der skal være pauser i forelæsningen hvor de studerende skal tænke over nogle faglige ting;FALSE;TRUE;TRUE;FALSE;TRUE;FALSE
ja;Ja det hele;Uden;ja men jeg vil ikke se ret mange af videoerne;Jeg har styr på det meste fra tidligere kurser hvor jeg har brugt R;Ja;Hver gang;Jeg føler at mit udbytte af at møde op er meget lille;0;Renovere sin bolig,Køre på rulleski,Træne det lokale U7-pigehold i fodbold;8,3;bioteknologi;Forelæseren skal helst sige det samme som i lærebogen,Forelæseren skal også sige noget andet end det der står i lærebogen,Forelæseren skal overholde pauserne;FALSE;FALSE;TRUE;TRUE;FALSE;TRUE
ja;Ja en del af informationen;Uden;nej det er lige meget;Jeg kan lave nogle simple beregninger i R;Ja;Næsten hver gang;Jeg ikke kan tage mig sammen til at komme ud af døren;0;Renovere sin bolig,Synge i kor,Køre på rulleski;10,1;naturressourcer;Forelæseren skal også sige noget andet end det der står i lærebogen,Forelæseren skal overholde pauserne;FALSE;FALSE;TRUE;FALSE;TRUE;TRUE
hverken ja eller nej;Nej slet ikke;Med;ja men jeg vil ikke se ret mange af videoerne;Jeg har brugt R før men kan intet huske;Ja;Næsten hver gang;Ikke relevant for mig da jeg møder op medmindre jeg er syg;1;Renovere sin bolig,Synge i kor,Træne det lokale U7-pigehold i fodbold;7,1;jordbrugsøkonomi;Forelæseren skal også sige noget andet end det der står i lærebogen;FALSE;FALSE;FALSE;TRUE;TRUE;TRUE
hverken ja eller nej;Ja en del af informationen;Det har jeg ingen mening om;ja det vil være en stor fordel for mig;Jeg har brugt R før men kan intet huske;Ja;Næsten hver gang;Jeg føler at mit udbytte af at møde op er meget lille;12;Renovere sin bolig,Fiske,Træne det lokale U7-pigehold i fodbold;6,3;husdyrvidenskab;Forelæseren skal helst sige det samme som i lærebogen;FALSE;TRUE;FALSE;TRUE;FALSE;TRUE
ja;Ja en del af informationen;Med;ja men jeg vil ikke se ret mange af videoerne;Jeg har styr på det meste fra tidligere kurser hvor jeg har brugt R;Ja;Næsten hver gang;Ikke relevant for mig da jeg møder op medmindre jeg er syg;0;Synge i kor,Fiske,Træne det lokale U7-pigehold i fodbold;12,7;bioteknologi;Forelæseren skal også sige noget andet end det der står i lærebogen;FALSE;TRUE;FALSE;TRUE;TRUE;FALSE
ja;Ja en del af informationen;Uden;ja det vil være en stor fordel for mig;Jeg har styr på det meste fra tidligere kurser hvor jeg har brugt R;Ja;Hver gang;Ikke relevant for mig da jeg møder op medmindre jeg er syg;Ikke nogen;Renovere sin bolig,Køre på rulleski,Træne det lokale U7-pigehold i fodbold;38,4;jordbrugsøkonomi;Forelæseren skal også sige noget andet end det der står i lærebogen,Forelæseren skal overholde pauserne;FALSE;FALSE;TRUE;TRUE;FALSE;TRUE
hverken ja eller nej;Ja en del af informationen;Uden;ja men jeg vil ikke se ret mange af videoerne;Jeg kan lave nogle simple beregninger i R;Ja;Næsten hver gang;Ikke relevant for mig da jeg møder op medmindre jeg er syg;0;Synge i kor,Køre på rulleski,Træne det lokale U7-pigehold i fodbold;6,3;husdyrvidenskab;Forelæseren skal overholde pauserne,Der skal være pauser i forelæsningen hvor de studerende skal tænke over nogle faglige ting;FALSE;FALSE;TRUE;TRUE;TRUE;FALSE
ja;Nej slet ikke;Med;ja men jeg vil ikke se ret mange af videoerne;Jeg kan lave nogle simple beregninger i R;Ja;Hver gang;Ikke relevant for mig da jeg møder op medmindre jeg er syg;0;Renovere sin bolig,Synge i kor,Træne det lokale U7-pigehold i fodbold;12,0;bioteknologi;Forelæseren skal helst sige det samme som i lærebogen,Forelæseren skal også sige noget andet end det der står i lærebogen,Der skal være pauser i forelæsningen hvor de studerende skal tænke over nogle faglige ting;FALSE;FALSE;FALSE;TRUE;TRUE;TRUE
ja;Ja det hele;Uden;ja men jeg vil ikke se ret mange af videoerne;Jeg har styr på det meste fra tidligere kurser hvor jeg har brugt R;Ja;Hver gang;Ikke relevant for mig da jeg møder op medmindre jeg er syg;8 timer inklusiv undervisning (jeg tager noter for en studerende i dette kursus :-D);Hækle,Synge i kor,Træne det lokale U7-pigehold i fodbold;9,0;bioteknologi;Forelæseren skal også sige noget andet end det der står i lærebogen,Forelæseren skal overholde pauserne,Der skal være pauser i forelæsningen hvor de studerende skal tænke over nogle faglige ting;TRUE;FALSE;FALSE;TRUE;TRUE;FALSE
ja;Ja en del af informationen;Med;ja men jeg vil ikke se ret mange af videoerne;Jeg har styr på det meste fra tidligere kurser hvor jeg har brugt R;Ja;Hver gang;Ikke relevant for mig da jeg møder op medmindre jeg er syg;7-10 timer om ugen, men der kan være nogle outliers nu hvor Black Friday og jul er på vej. Outliers på den dårlig måde.;Hækle,Køre på rulleski,Træne det lokale U7-pigehold i fodbold;NA;bioteknologi;Forelæseren skal også sige noget andet end det der står i lærebogen,Forelæseren skal overholde pauserne,Der skal være pauser i forelæsningen hvor de studerende skal tænke over nogle faglige ting;TRUE;FALSE;TRUE;TRUE;FALSE;FALSE
hverken ja eller nej;Ja en del af informationen;Uden;ja men jeg vil ikke se ret mange af videoerne;Jeg kan lave nogle simple beregninger i R;Ja;Næsten hver gang;Ikke relevant for mig da jeg møder op medmindre jeg er syg;ca. 10 timer;Synge i kor,Køre på rulleski,Træne det lokale U7-pigehold i fodbold;3,1;bioteknologi;Forelæseren skal også sige noget andet end det der står i lærebogen,Forelæseren skal overholde pauserne,Der skal være pauser i forelæsningen hvor de studerende skal tænke over nogle faglige ting;FALSE;FALSE;TRUE;TRUE;TRUE;FALSE
hverken ja eller nej;Ja en del af informationen;Uden;ja men jeg vil ikke se ret mange af videoerne;Jeg kan lave nogle simple beregninger i R;Ja;Næsten hver gang;Jeg ikke kan tage mig sammen til at komme ud af døren;0;Renovere sin bolig,Fiske,Træne det lokale U7-pigehold i fodbold;53,6;naturressourcer;Forelæseren skal også sige noget andet end det der står i lærebogen,Forelæseren skal overholde pauserne,Der skal være pauser i forelæsningen hvor de studerende skal tænke over nogle faglige ting;FALSE;TRUE;FALSE;TRUE;FALSE;TRUE
nej;Ja en del af informationen;Uden;ja det vil være en stor fordel for mig;Jeg kan lave nogle simple beregninger i R;Det ved jeg ikke;Næsten hver gang;Jeg føler at mit udbytte af at møde op er meget lille;NA;Renovere sin bolig,Fiske,Køre på rulleski;NA;husdyrvidenskab;Forelæseren skal også sige noget andet end det der står i lærebogen;FALSE;TRUE;TRUE;FALSE;FALSE;TRUE
hverken ja eller nej;Nej slet ikke;Uden;ja men jeg vil ikke se ret mange af videoerne;Jeg kan lave nogle simple beregninger i R;Det ved jeg ikke;Næsten hver gang;Ikke relevant for mig da jeg møder op medmindre jeg er syg;0;Fiske,Køre på rulleski,Træne det lokale U7-pigehold i fodbold;5,2;bioteknologi;Der skal være pauser i forelæsningen hvor de studerende skal tænke over nogle faglige ting,Der skal være afsat meget tid til spørgsmål fra de studerende;FALSE;TRUE;TRUE;TRUE;FALSE;FALSE
hverken ja eller nej;Ja en del af informationen;Uden;ja det vil være en stor fordel for mig;Jeg kan lave nogle simple beregninger i R;Ja;Næsten hver gang;Jeg føler at mit udbytte af at møde op er meget lille;0;Renovere sin bolig,Hækle,Køre på rulleski;7,5;bioteknologi;Forelæseren skal helst sige det samme som i lærebogen,Forelæseren skal overholde pauserne,Der skal være pauser i forelæsningen hvor de studerende skal tænke over nogle faglige ting;TRUE;FALSE;TRUE;FALSE;FALSE;TRUE
nej;Ja det hele;Uden;ja men jeg vil ikke se ret mange af videoerne;Jeg kan lave nogle simple beregninger i R;Ja;Halvdelen af gangene (ca. 1 gang om ugen);Ikke relevant for mig da jeg møder op medmindre jeg er syg;13;Renovere sin bolig,Køre på rulleski,Træne det lokale U7-pigehold i fodbold;2,0;husdyrvidenskab;Forelæseren skal overholde pauserne;FALSE;FALSE;TRUE;TRUE;FALSE;TRUE
ja;Ja det hele;Uden;ja det vil være en stor fordel for mig;Jeg kan lave nogle simple beregninger i R;Ja;Næsten hver gang;Ikke relevant for mig da jeg møder op medmindre jeg er syg;8 timer i gennemsnit;Renovere sin bolig,Hækle,Fiske;3,4;husdyrvidenskab;Forelæseren skal helst sige det samme som i lærebogen,Forelæseren skal også sige noget andet end det der står i lærebogen,Der skal være pauser i forelæsningen hvor de studerende skal tænke over nogle faglige ting;TRUE;TRUE;FALSE;FALSE;FALSE;TRUE
nej;Ja det hele;Det har jeg ingen mening om;ja men jeg vil ikke se ret mange af videoerne;Jeg har brugt R før men kan intet huske;Ja;Næsten hver gang;Ikke relevant for mig da jeg møder op medmindre jeg er syg;17;Synge i kor,Fiske,Træne det lokale U7-pigehold i fodbold;8,3;husdyrvidenskab;Forelæseren skal også sige noget andet end det der står i lærebogen;FALSE;TRUE;FALSE;TRUE;TRUE;FALSE
ja;Ja en del af informationen;Uden;ja men jeg vil ikke se ret mange af videoerne;Jeg kan lave nogle simple beregninger i R;Det ved jeg ikke;Hver gang;Ikke relevant for mig da jeg møder op medmindre jeg er syg;10;Synge i kor,Fiske,Træne det lokale U7-pigehold i fodbold;6,1;naturressourcer;Forelæseren skal også sige noget andet end det der står i lærebogen,Forelæseren skal overholde pauserne;FALSE;TRUE;FALSE;TRUE;TRUE;FALSE
hverken ja eller nej;Ja det hele;Uden;ja det vil være en stor fordel for mig;Jeg kan lave nogle simple beregninger i R;Ja;Næsten hver gang;Ikke relevant for mig da jeg møder op medmindre jeg er syg;jeg har ikke et lønnet arbejde;Renovere sin bolig,Synge i kor,Køre på rulleski;4,0;naturressourcer;Forelæseren skal helst sige det samme som i lærebogen,Forelæseren skal overholde pauserne,Der skal være pauser i forelæsningen hvor de studerende skal tænke over nogle faglige ting;FALSE;FALSE;TRUE;FALSE;TRUE;TRUE
nej;Ja en del af informationen;Uden;ja det vil være en stor fordel for mig;Jeg har aldrig brugt R;Ja;Næsten hver gang;Ikke relevant for mig da jeg møder op medmindre jeg er syg;12timer;Synge i kor,Fiske,Køre på rulleski,Træne det lokale U7-pigehold i fodbold;23,5;naturressourcer;Forelæseren skal helst sige det samme som i lærebogen,Forelæseren skal også sige noget andet end det der står i lærebogen,Der skal være pauser i forelæsningen hvor de studerende skal tænke over nogle faglige ting;FALSE;TRUE;TRUE;TRUE;TRUE;FALSE
ja;Ja en del af informationen;Uden;ja men jeg vil ikke se ret mange af videoerne;Jeg kan lave nogle simple beregninger i R;Det ved jeg ikke;Hver gang;Ikke relevant for mig da jeg møder op medmindre jeg er syg;0;Hækle,Synge i kor,Køre på rulleski;5,2;naturressourcer;Forelæseren skal helst sige det samme som i lærebogen,Forelæseren skal overholde pauserne;TRUE;FALSE;TRUE;FALSE;TRUE;FALSE
ja;Ja en del af informationen;Uden;ja men jeg vil ikke se ret mange af videoerne;Jeg kan lave nogle simple beregninger i R;Ja;Hver gang;Ikke relevant for mig da jeg møder op medmindre jeg er syg;8;Synge i kor,Køre på rulleski,Træne det lokale U7-pigehold i fodbold;7,5;naturressourcer;Forelæseren skal også sige noget andet end det der står i lærebogen,Der skal være pauser i forelæsningen hvor de studerende skal tænke over nogle faglige ting;FALSE;FALSE;TRUE;TRUE;TRUE;FALSE
hverken ja eller nej;Ja det hele;Uden;ja det vil være en stor fordel for mig;Jeg kan lave nogle simple beregninger i R;Ja;Næsten hver gang;Undervisningen ligger for sent på dagen i forhold til studiejob/andre aktiviteter;5;Renovere sin bolig,Fiske,Træne det lokale U7-pigehold i fodbold;12,7;husdyrvidenskab;Der skal være pauser i forelæsningen hvor de studerende skal tænke over nogle faglige ting;FALSE;TRUE;FALSE;TRUE;FALSE;TRUE
hverken ja eller nej;Ja en del af informationen;Det har jeg ingen mening om;ja men jeg vil ikke se ret mange af videoerne;Jeg kan lave nogle simple beregninger i R;Ja;Næsten hver gang;Ikke relevant for mig da jeg møder op medmindre jeg er syg;NA;Fiske,Køre på rulleski,Træne det lokale U7-pigehold i fodbold;5,0;bioteknologi;Forelæseren skal helst sige det samme som i lærebogen,Forelæseren skal også sige noget andet end det der står i lærebogen,Forelæseren skal overholde pauserne;FALSE;TRUE;TRUE;TRUE;FALSE;FALSE
ja;Ja en del af informationen;Uden;ja det vil være en stor fordel for mig;Jeg kan lave nogle simple beregninger i R;Ja;Næsten hver gang;Jeg føler at mit udbytte af at møde op er meget lille;10;Renovere sin bolig,Fiske,Køre på rulleski;9,4;jordbrugsøkonomi;Forelæseren skal overholde pauserne;FALSE;TRUE;TRUE;FALSE;FALSE;TRUE
hverken ja eller nej;Ja en del af informationen;Uden;nej det er lige meget;Jeg kan lave nogle simple beregninger i R;Ja;Næsten hver gang;Jeg ikke kan tage mig sammen til at komme ud af døren;7-11;Renovere sin bolig,Fiske,Køre på rulleski;2,1;bioteknologi;Forelæseren skal også sige noget andet end det der står i lærebogen,Forelæseren skal overholde pauserne,Andre studerende skal lade være med at stille spørgsmål til forelæseren;FALSE;TRUE;TRUE;FALSE;FALSE;TRUE
hverken ja eller nej;Nej slet ikke;Med;ja men jeg vil ikke se ret mange af videoerne;Jeg har brugt R før men kan intet huske;Ja;Hver gang;Jeg føler at mit udbytte af at møde op er meget lille;13;Renovere sin bolig,Fiske,Træne det lokale U7-pigehold i fodbold;10,5;naturressourcer;Forelæseren skal helst sige det samme som i lærebogen;FALSE;TRUE;FALSE;TRUE;FALSE;TRUE
ja;Ja en del af informationen;Uden;ja det vil være en stor fordel for mig;Jeg kan lave nogle simple beregninger i R;Ja;Hver gang;Ikke relevant for mig da jeg møder op medmindre jeg er syg;16 h;Synge i kor,Køre på rulleski,Træne det lokale U7-pigehold i fodbold;10,5;naturressourcer;Forelæseren skal også sige noget andet end det der står i lærebogen,Forelæseren skal overholde pauserne,Der skal være afsat meget tid til spørgsmål fra de studerende;FALSE;FALSE;TRUE;TRUE;TRUE;FALSE
hverken ja eller nej;Ja det hele;Det har jeg ingen mening om;ja det vil være en stor fordel for mig;Jeg har brugt R før men kan intet huske;Ja;Hver gang;Undervisningen ligger for sent på dagen i forhold til studiejob/andre aktiviteter;9 timer;Renovere sin bolig,Synge i kor,Køre på rulleski;10,2;bioteknologi;Forelæseren skal helst sige det samme som i lærebogen,Forelæseren skal overholde pauserne;FALSE;FALSE;TRUE;FALSE;TRUE;TRUE
hverken ja eller nej;Nej slet ikke;Uden;ja det vil være en stor fordel for mig;Jeg har styr på det meste fra tidligere kurser hvor jeg har brugt R;Ja;Hver gang;Ikke relevant for mig da jeg møder op medmindre jeg er syg;0;Hækle,Synge i kor,Træne det lokale U7-pigehold i fodbold;42,0;husdyrvidenskab;Forelæseren skal også sige noget andet end det der står i lærebogen;TRUE;FALSE;FALSE;TRUE;TRUE;FALSE
ja;Ja en del af informationen;Uden;ja men jeg vil ikke se ret mange af videoerne;Jeg kan lave nogle simple beregninger i R;Ja;Hver gang;Ikke relevant for mig da jeg møder op medmindre jeg er syg;0;Synge i kor,Fiske,Træne det lokale U7-pigehold i fodbold;7,2;naturressourcer;Forelæseren skal helst sige det samme som i lærebogen,Forelæseren skal overholde pauserne;FALSE;TRUE;FALSE;TRUE;TRUE;FALSE
hverken ja eller nej;Ja en del af informationen;Med;ja men jeg vil ikke se ret mange af videoerne;Jeg har brugt R før men kan intet huske;Ja;Halvdelen af gangene (ca. 1 gang om ugen);Undervisningen ligger for sent på dagen i forhold til studiejob/andre aktiviteter;10 timer;Renovere sin bolig,Fiske,Træne det lokale U7-pigehold i fodbold;12,3;naturressourcer;Forelæseren skal også sige noget andet end det der står i lærebogen,Der skal være pauser i forelæsningen hvor de studerende skal tænke over nogle faglige ting;FALSE;TRUE;FALSE;TRUE;FALSE;TRUE
hverken ja eller nej;Ja en del af informationen;Det har jeg ingen mening om;ja men jeg vil ikke se ret mange af videoerne;Jeg kan lave nogle simple beregninger i R;Ja;Halvdelen af gangene (ca. 1 gang om ugen);Jeg føler at mit udbytte af at møde op er meget lille;NA;NA;8,5;bioteknologi;Der skal være pauser i forelæsningen hvor de studerende skal tænke over nogle faglige ting;NA;NA;NA;NA;NA;NA
ja;Ja det hele;Uden;ja det vil være en stor fordel for mig;Jeg kan lave nogle simple beregninger i R;Ja;Hver gang;Ikke relevant for mig da jeg møder op medmindre jeg er syg;35 timer;Fiske,Køre på rulleski,Træne det lokale U7-pigehold i fodbold;30,0;bioteknologi;Forelæseren skal helst sige det samme som i lærebogen;FALSE;TRUE;TRUE;TRUE;FALSE;FALSE
hverken ja eller nej;Ja det hele;Med;ja men jeg vil ikke se ret mange af videoerne;Jeg har styr på det meste fra tidligere kurser hvor jeg har brugt R;Ja;Næsten hver gang;Ikke relevant for mig da jeg møder op medmindre jeg er syg;0;Fiske,Køre på rulleski,Træne det lokale U7-pigehold i fodbold;8,4;husdyrvidenskab;Forelæseren skal også sige noget andet end det der står i lærebogen;FALSE;TRUE;TRUE;TRUE;FALSE;FALSE
hverken ja eller nej;Ja en del af informationen;Uden;ja det vil være en stor fordel for mig;Jeg kan lave nogle simple beregninger i R;Ja;Hver gang;Ikke relevant for mig da jeg møder op medmindre jeg er syg;10-15 timer;Synge i kor,Fiske,Træne det lokale U7-pigehold i fodbold;15,0;naturressourcer;Forelæseren skal også sige noget andet end det der står i lærebogen,Forelæseren skal overholde pauserne;FALSE;TRUE;FALSE;TRUE;TRUE;FALSE
hverken ja eller nej;Ja en del af informationen;Med;ja det vil være en stor fordel for mig;Jeg har styr på det meste fra tidligere kurser hvor jeg har brugt R;Ja;Hver gang;Ikke relevant for mig da jeg møder op medmindre jeg er syg;8-10 timer ugentlig;Renovere sin bolig,Fiske,Træne det lokale U7-pigehold i fodbold;15,0;husdyrvidenskab;Forelæseren skal overholde pauserne;FALSE;TRUE;FALSE;TRUE;FALSE;TRUE
hverken ja eller nej;Ja en del af informationen;Uden;ja det vil være en stor fordel for mig;Jeg kan lave nogle simple beregninger i R;Ja;Hver gang;Ikke relevant for mig da jeg møder op medmindre jeg er syg;15;Synge i kor,Fiske,Træne det lokale U7-pigehold i fodbold;1,1;bioteknologi;Forelæseren skal overholde pauserne;FALSE;TRUE;FALSE;TRUE;TRUE;FALSE
ja;Ja en del af informationen;Med;ja det vil være en stor fordel for mig;Jeg kan lave nogle simple beregninger i R;Ja;Hver gang;Undervisningen ligger for sent på dagen i forhold til studiejob/andre aktiviteter;8 til 16 timer om ugen.;Renovere sin bolig,Køre på rulleski,Træne det lokale U7-pigehold i fodbold;13,4;bioteknologi;Forelæseren skal også sige noget andet end det der står i lærebogen,Forelæseren skal overholde pauserne,Der skal være pauser i forelæsningen hvor de studerende skal tænke over nogle faglige ting;FALSE;FALSE;TRUE;TRUE;FALSE;TRUE
hverken ja eller nej;Ja en del af informationen;Uden;ja men jeg vil ikke se ret mange af videoerne;Jeg kan lave nogle simple beregninger i R;Ja;Næsten hver gang;Ikke relevant for mig da jeg møder op medmindre jeg er syg;10;Renovere sin bolig,Fiske,Træne det lokale U7-pigehold i fodbold;10,6;naturressourcer;Forelæseren skal helst sige det samme som i lærebogen,Forelæseren skal også sige noget andet end det der står i lærebogen;FALSE;TRUE;FALSE;TRUE;FALSE;TRUE
hverken ja eller nej;Ja det hele;Med;nej det er lige meget;Jeg kan lave nogle simple beregninger i R;Ja;Næsten hver gang;Ikke relevant for mig da jeg møder op medmindre jeg er syg;12;Synge i kor,Fiske,Træne det lokale U7-pigehold i fodbold;8,5;naturressourcer;Forelæseren skal også sige noget andet end det der står i lærebogen,Der skal være pauser i forelæsningen hvor de studerende skal tænke over nogle faglige ting;FALSE;TRUE;FALSE;TRUE;TRUE;FALSE
ja;Ja det hele;Med;ja det vil være en stor fordel for mig;Jeg har brugt R før men kan intet huske;Ja;Hver gang;Ikke relevant for mig da jeg møder op medmindre jeg er syg;NA;Renovere sin bolig,Fiske,Træne det lokale U7-pigehold i fodbold;1,0;bioteknologi;Forelæseren skal også sige noget andet end det der står i lærebogen;FALSE;TRUE;FALSE;TRUE;FALSE;TRUE
hverken ja eller nej;Ja en del af informationen;Med;ja det vil være en stor fordel for mig;Jeg kan lave nogle simple beregninger i R;Ja;Hver gang;Jeg ønsker ikke at svare;8 timer og 30 min;Renovere sin bolig,Hækle,Synge i kor,Fiske,Køre på rulleski,Træne det lokale U7-pigehold i fodbold;NA;naturressourcer;Forelæseren skal også sige noget andet end det der står i lærebogen,Forelæseren skal overholde pauserne,Der skal være pauser i forelæsningen hvor de studerende skal tænke over nogle faglige ting,Der skal være afsat meget tid til spørgsmål fra de studerende;TRUE;TRUE;TRUE;TRUE;TRUE;TRUE
ja;Ja en del af informationen;Uden;ja det vil være en stor fordel for mig;Jeg kan lave nogle simple beregninger i R;Ja;Hver gang;Ikke relevant for mig da jeg møder op medmindre jeg er syg;"0 timer. Arbejdsløs ;(";Renovere sin bolig,Fiske,Træne det lokale U7-pigehold i fodbold;6,7;bioteknologi;Forelæseren skal også sige noget andet end det der står i lærebogen,Forelæseren skal overholde pauserne,Der skal være pauser i forelæsningen hvor de studerende skal tænke over nogle faglige ting;FALSE;TRUE;FALSE;TRUE;FALSE;TRUE
ja;Ja en del af informationen;Uden;ja det vil være en stor fordel for mig;Jeg kan lave nogle simple beregninger i R;Ja;Hver gang;Ikke relevant for mig da jeg møder op medmindre jeg er syg;10 timer ugentligt;Renovere sin bolig,Fiske,Træne det lokale U7-pigehold i fodbold;7,0;husdyrvidenskab;Forelæseren skal også sige noget andet end det der står i lærebogen,Forelæseren skal overholde pauserne,Der skal være pauser i forelæsningen hvor de studerende skal tænke over nogle faglige ting;FALSE;TRUE;FALSE;TRUE;FALSE;TRUE
ja;Ja en del af informationen;Med;ja det vil være en stor fordel for mig;Jeg har styr på det meste fra tidligere kurser hvor jeg har brugt R;Det ved jeg ikke;Hver gang;Ikke relevant for mig da jeg møder op medmindre jeg er syg;0;Renovere sin bolig,Fiske,Køre på rulleski;1,0;husdyrvidenskab;Forelæseren skal også sige noget andet end det der står i lærebogen,Der skal være pauser i forelæsningen hvor de studerende skal tænke over nogle faglige ting,Andre studerende skal lade være med at stille spørgsmål til forelæseren;FALSE;TRUE;TRUE;FALSE;FALSE;TRUE
ja;Ja det hele;Uden;ja det vil være en stor fordel for mig;Jeg har brugt R før men kan intet huske;Ja;Hver gang;Jeg ønsker ikke at svare;Jeg bruger mellem 10-20 timer om ugen. Primært fordi jeg møder ind efter skole som er kl 16..også kan jeg ikke overskue at lave lektier når jeg har fri kl 17 fx.;Hækle,Køre på rulleski,Træne det lokale U7-pigehold i fodbold;NA;husdyrvidenskab;Forelæseren skal helst sige det samme som i lærebogen,Der skal være pauser i forelæsningen hvor de studerende skal tænke over nogle faglige ting,Andre studerende skal lade være med at stille spørgsmål til forelæseren;TRUE;FALSE;TRUE;TRUE;FALSE;FALSE
hverken ja eller nej;Ja en del af informationen;Uden;ja det vil være en stor fordel for mig;Jeg har brugt R før men kan intet huske;Ja;Halvdelen af gangene (ca. 1 gang om ugen);Jeg ikke kan tage mig sammen til at komme ud af døren;"Jeg bruger mellem 12 og 20 timer alt efter hvor travlt arbejde er :( 

men gratis produkts og frokost er en mega bonus :)";Hækle,Synge i kor,Træne det lokale U7-pigehold i fodbold;40,2;jordbrugsøkonomi;Forelæseren skal også sige noget andet end det der står i lærebogen;TRUE;FALSE;FALSE;TRUE;TRUE;FALSE
nej;Ja en del af informationen;Uden;ja men jeg vil ikke se ret mange af videoerne;Jeg kan lave nogle simple beregninger i R;Ja;Hver gang;Ikke relevant for mig da jeg møder op medmindre jeg er syg;0;Renovere sin bolig,Køre på rulleski,Træne det lokale U7-pigehold i fodbold;3,5;bioteknologi;Forelæseren skal helst sige det samme som i lærebogen,Forelæseren skal også sige noget andet end det der står i lærebogen,Forelæseren skal overholde pauserne,Der skal være pauser i forelæsningen hvor de studerende skal tænke over nogle faglige ting;FALSE;FALSE;TRUE;TRUE;FALSE;TRUE
nej;Ja en del af informationen;Uden;ja men jeg vil ikke se ret mange af videoerne;Jeg kan lave nogle simple beregninger i R;Ja;Næsten hver gang;Ikke relevant for mig da jeg møder op medmindre jeg er syg;6 timer cirkus;Renovere sin bolig,Fiske,Træne det lokale U7-pigehold i fodbold;18,4;jordbrugsøkonomi;Forelæseren skal helst sige det samme som i lærebogen,Forelæseren skal også sige noget andet end det der står i lærebogen,Forelæseren skal overholde pauserne,Der skal være pauser i forelæsningen hvor de studerende skal tænke over nogle faglige ting;FALSE;TRUE;FALSE;TRUE;FALSE;TRUE
ja;Ja en del af informationen;Uden;ja men jeg vil ikke se ret mange af videoerne;Jeg kan lave nogle simple beregninger i R;Ja;Hver gang;Ikke relevant for mig da jeg møder op medmindre jeg er syg;15-20;Synge i kor,Fiske,Køre på rulleski;6,3;jordbrugsøkonomi;Forelæseren skal også sige noget andet end det der står i lærebogen,Forelæseren skal overholde pauserne;FALSE;TRUE;TRUE;FALSE;TRUE;FALSE
hverken ja eller nej;Ja en del af informationen;Uden;ja men jeg vil ikke se ret mange af videoerne;Jeg har brugt R før men kan intet huske;Ja;Næsten hver gang;Ikke relevant for mig da jeg møder op medmindre jeg er syg;15 timer;Renovere sin bolig,Synge i kor,Træne det lokale U7-pigehold i fodbold;4,3;jordbrugsøkonomi;Andre studerende skal lade være med at stille spørgsmål til forelæseren;FALSE;FALSE;FALSE;TRUE;TRUE;TRUE
nej;Ja det hele;Uden;nej det er lige meget;Jeg kan lave nogle simple beregninger i R;Ja;Hver gang;Ikke relevant for mig da jeg møder op medmindre jeg er syg;8-12 timer;Renovere sin bolig,Synge i kor,Træne det lokale U7-pigehold i fodbold;6,3;jordbrugsøkonomi;Forelæseren skal også sige noget andet end det der står i lærebogen,Forelæseren skal overholde pauserne;FALSE;FALSE;FALSE;TRUE;TRUE;TRUE
hverken ja eller nej;Ja en del af informationen;Uden;ja det vil være en stor fordel for mig;Jeg kan lave nogle simple beregninger i R;Ja;Hver gang;Ikke relevant for mig da jeg møder op medmindre jeg er syg;15-20timer;Renovere sin bolig,Fiske,Træne det lokale U7-pigehold i fodbold;10,0;naturressourcer;Forelæseren skal også sige noget andet end det der står i lærebogen,Forelæseren skal overholde pauserne,Der skal være afsat meget tid til spørgsmål fra de studerende;FALSE;TRUE;FALSE;TRUE;FALSE;TRUE
hverken ja eller nej;Ja en del af informationen;Med;ja det vil være en stor fordel for mig;Jeg kan lave nogle simple beregninger i R;Ja;Næsten hver gang;Jeg føler at mit udbytte af at møde op er meget lille;0;Synge i kor,Køre på rulleski,Træne det lokale U7-pigehold i fodbold;10,0;husdyrvidenskab;Forelæseren skal også sige noget andet end det der står i lærebogen,Forelæseren skal overholde pauserne,Der skal være pauser i forelæsningen hvor de studerende skal tænke over nogle faglige ting;FALSE;FALSE;TRUE;TRUE;TRUE;FALSE
