section;section_id;section_sis_id;submitted;attempt;787063: Glæder du dig til kurset Statistisk Dataanalyse 1?;1.0;787064: Har du læst informationen på den eksterne kursushjemmeside før denne forelæsning?;1.0;787065: Foretrækker du bagværk med eller uden rosiner?;1.0;787067: Kunne du godt tænke dig at forelæsningerne videooptages og gøres tilgængelige i Absalon?;1.0;"787068: Beskriv din erfaring med programmet ""R""";1.0;787069: Jeg vil forsøge at lave afleveringsopgaver selvom de kun er frivillige;1.0;787070: Hvor ofte regner du med at komme til regneøvelsestimerne?;1.0;787071: Når jeg ikke møder op til skemalagt undervisning på Campus, så er det primært fordi ....;1.0;787072: Hvor mange timer om ugen bruger du i gennemsnit på lønnet arbejde i en typisk undervisningsblok hvor du studerer på fuld tid?;1.0;787073: Forelæseren kan godt lide at lave 3 af følgende 6 ting i sin fritid. Gæt hvilke 3?;1.0;787074: Hvor mange kilometer er der fra forelæserens bopæl til forelæsningslokalet? Gæt med 1 decimal;0.0;787075: Hvilken studieretning er du indskrevet på?;1.0;787077: Hvilke af følgende elementer er vigtige for, at du får noget ud af en forelæsning?;1.0;n correct;n incorrect;score
"Hold 02;";156339;Hsyl199233;2023-09-08 11:00:00 UTC;1;ja;1.0;Ja en del af informationen;0.0;Med;1.0;ja det vil være en stor fordel for mig;1.0;Jeg kan lave nogle simple beregninger i R;0.0;Ja;1.0;Næsten hver gang;0.0;Ikke relevant for mig da jeg møder op medmindre jeg er syg;0.0;8 timer;0.0;Renovere sin bolig,Træne det lokale U7-pigehold i fodbold;0.0;;0.0;;0.0;;0.0;6;7;4.0
"Hold 05;";156342;Hsyl199236;2023-09-08 11:00:00 UTC;1;ja;1.0;Ja det hele;1.0;Uden;0.0;ja det vil være en stor fordel for mig;1.0;Jeg kan lave nogle simple beregninger i R;0.0;Ja;1.0;Hver gang;1.0;Jeg ønsker ikke at svare;0.0;6 timer;0.0;;0.0;;0.0;;0.0;;0.0;7;6;5.0
"Hold 05;";156342;Hsyl199236;2023-09-07 07:55:57 UTC;1;ja;1.0;Ja det hele;1.0;Uden;0.0;ja men jeg vil ikke se ret mange af videoerne;0.0;Jeg kan lave nogle simple beregninger i R;0.0;Ja;1.0;Næsten hver gang;0.0;Ikke relevant for mig da jeg møder op medmindre jeg er syg;0.0;5;0.0;Synge i kor,Fiske,Træne det lokale U7-pigehold i fodbold;0.0;;0.0;jordbrugsøkonomi;0.0;;0.0;5;8;3.0
"Hold 03;";156340;Hsyl199234;2023-09-06 15:33:44 UTC;1;hverken ja eller nej;0.0;Ja en del af informationen;0.0;Uden;0.0;ja det vil være en stor fordel for mig;1.0;Jeg kan lave nogle simple beregninger i R;0.0;Ja;1.0;Hver gang;1.0;Ikke relevant for mig da jeg møder op medmindre jeg er syg;0.0;;0.0;Synge i kor,Fiske,Træne det lokale U7-pigehold i fodbold;0.0;7;0.0;naturressourcer;0.0;Forelæseren skal også sige noget andet end det der står i lærebogen,Forelæseren skal overholde pauserne,Der skal være pauser i forelæsningen hvor de studerende skal tænke over nogle faglige ting,Der skal være afsat meget tid til spørgsmål fra de studerende;0.0;5;8;3.0
"Hold 02;";156339;Hsyl199233;2023-09-06 12:59:39 UTC;1;ja;1.0;Ja det hele;1.0;Uden;0.0;ja det vil være en stor fordel for mig;1.0;Jeg har styr på det meste fra tidligere kurser hvor jeg har brugt R;0.0;Ja;1.0;Hver gang;1.0;Ikke relevant for mig da jeg møder op medmindre jeg er syg;0.0;4 timer ca. meget forskelligt fra uge til uge;0.0;Renovere sin bolig,Køre på rulleski,Træne det lokale U7-pigehold i fodbold;0.0;26,4;0.0;husdyrvidenskab;0.0;Forelæseren skal også sige noget andet end det der står i lærebogen,Der skal være pauser i forelæsningen hvor de studerende skal tænke over nogle faglige ting;0.0;7;6;5.0
"Hold 04;";156341;Hsyl199235;2023-09-06 11:29:11 UTC;1;ja;1.0;Ja en del af informationen;0.0;Det har jeg ingen mening om;0.0;ja det vil være en stor fordel for mig;1.0;Jeg har brugt R før men kan intet huske;0.0;Ja;1.0;Hver gang;1.0;Ikke relevant for mig da jeg møder op medmindre jeg er syg;0.0;0 timer;0.0;Renovere sin bolig,Fiske,Træne det lokale U7-pigehold i fodbold;0.0;21,4;0.0;bioteknologi;1.0;Forelæseren skal overholde pauserne,Der skal være pauser i forelæsningen hvor de studerende skal tænke over nogle faglige ting;0.0;7;6;5.0
"Hold 03;";156340;Hsyl199234;2023-09-06 10:18:34 UTC;1;ja;1.0;Ja det hele;1.0;Med;1.0;ja men jeg vil ikke se ret mange af videoerne;0.0;Jeg kan lave nogle simple beregninger i R;0.0;Ja;1.0;Næsten hver gang;0.0;Ikke relevant for mig da jeg møder op medmindre jeg er syg;0.0;Jeg er nuværende mellem arbejde men har sat tid af i ugen til en 4-5 timers arbejde;0.0;Hækle,Synge i kor,Træne det lokale U7-pigehold i fodbold;0.0;37,8km;0.0;bioteknologi;1.0;Der skal være pauser i forelæsningen hvor de studerende skal tænke over nogle faglige ting;0.0;7;6;5.0
"Hold 05;";156342;Hsyl199236;2023-09-06 09:05:16 UTC;1;hverken ja eller nej;0.0;Ja en del af informationen;0.0;Uden;0.0;ja det vil være en stor fordel for mig;1.0;Jeg kan lave nogle simple beregninger i R;0.0;Ja;1.0;Hver gang;1.0;Ikke relevant for mig da jeg møder op medmindre jeg er syg;0.0;ca 5-8 timer;0.0;Renovere sin bolig,Synge i kor,Fiske;0.0;12,7;0.0;bioteknologi;1.0;Forelæseren skal helst sige det samme som i lærebogen,Forelæseren skal overholde pauserne,Der skal være pauser i forelæsningen hvor de studerende skal tænke over nogle faglige ting;0.0;6;7;4.0
"Hold 01;";151884;Hsyl196218;2023-09-06 09:04:48 UTC;1;ja;1.0;Ja en del af informationen;0.0;Uden;0.0;ja det vil være en stor fordel for mig;1.0;Jeg har styr på det meste fra tidligere kurser hvor jeg har brugt R;0.0;Ja;1.0;Halvdelen af gangene (ca. 1 gang om ugen);0.0;Undervisningen ligger for sent på dagen i forhold til studiejob/andre aktiviteter;0.0;10-15;0.0;Synge i kor,Køre på rulleski,Træne det lokale U7-pigehold i fodbold;0.0;12,4 km;0.0;bioteknologi;1.0;Forelæseren skal også sige noget andet end det der står i lærebogen,Der skal være pauser i forelæsningen hvor de studerende skal tænke over nogle faglige ting;0.0;6;7;4.0
"Hold 02;";156339;Hsyl199233;2023-09-06 09:03:47 UTC;1;hverken ja eller nej;0.0;Ja det hele;1.0;Uden;0.0;ja det vil være en stor fordel for mig;1.0;Jeg har styr på det meste fra tidligere kurser hvor jeg har brugt R;0.0;Ja;1.0;Næsten hver gang;0.0;Jeg føler at mit udbytte af at møde op er meget lille;0.0;0;0.0;Renovere sin bolig,Fiske,Træne det lokale U7-pigehold i fodbold;0.0;2.2;0.0;husdyrvidenskab;0.0;Forelæseren skal helst sige det samme som i lærebogen,Forelæseren skal også sige noget andet end det der står i lærebogen,Forelæseren skal overholde pauserne,Der skal være pauser i forelæsningen hvor de studerende skal tænke over nogle faglige ting;0.0;5;8;3.0
"Hold 02;";156339;Hsyl199233;2023-09-06 09:03:33 UTC;1;ja;1.0;Ja en del af informationen;0.0;Uden;0.0;ja men jeg vil ikke se ret mange af videoerne;0.0;Jeg har styr på det meste fra tidligere kurser hvor jeg har brugt R;0.0;Ja;1.0;Hver gang;1.0;Ikke relevant for mig da jeg møder op medmindre jeg er syg;0.0;har ikke arbejde, men hvis jeg havde vil jeg bestræbe mig efter at bruge 10-12 timer om ugen i gennemsnit.;0.0;Fiske,Køre på rulleski,Træne det lokale U7-pigehold i fodbold;0.0;8;0.0;naturressourcer;0.0;Forelæseren skal helst sige det samme som i lærebogen,Forelæseren skal også sige noget andet end det der står i lærebogen,Forelæseren skal overholde pauserne,Der skal være pauser i forelæsningen hvor de studerende skal tænke over nogle faglige ting;0.0;5;8;3.0
"Hold 03;";156340;Hsyl199234;2023-09-06 09:02:26 UTC;1;ja;1.0;Ja det hele;1.0;Med;1.0;ja men jeg vil ikke se ret mange af videoerne;0.0;Jeg kan lave nogle simple beregninger i R;0.0;Ja;1.0;Hver gang;1.0;Undervisningen ligger for sent på dagen i forhold til studiejob/andre aktiviteter;0.0;0;0.0;Renovere sin bolig,Fiske,Køre på rulleski;0.0;16,2;0.0;naturressourcer;0.0;Forelæseren skal også sige noget andet end det der står i lærebogen,Forelæseren skal overholde pauserne,Der skal være pauser i forelæsningen hvor de studerende skal tænke over nogle faglige ting;0.0;7;6;5.0
"Hold 02;";156339;Hsyl199233;2023-09-06 09:02:09 UTC;1;hverken ja eller nej;0.0;Nej slet ikke;0.0;Uden;0.0;ja men jeg vil ikke se ret mange af videoerne;0.0;Jeg har brugt R før men kan intet huske;0.0;Ja;1.0;Hver gang;1.0;Ikke relevant for mig da jeg møder op medmindre jeg er syg;0.0;6;0.0;Synge i kor,Fiske,Træne det lokale U7-pigehold i fodbold;0.0;3.1;0.0;naturressourcer;0.0;Forelæseren skal også sige noget andet end det der står i lærebogen,Forelæseren skal overholde pauserne,Der skal være pauser i forelæsningen hvor de studerende skal tænke over nogle faglige ting;0.0;4;9;2.0
"Hold 04;";156341;Hsyl199235;2023-09-06 09:01:52 UTC;1;hverken ja eller nej;0.0;Ja det hele;1.0;Det har jeg ingen mening om;0.0;ja men jeg vil ikke se ret mange af videoerne;0.0;Jeg kan lave nogle simple beregninger i R;0.0;Det ved jeg ikke;0.0;Næsten hver gang;0.0;Ikke relevant for mig da jeg møder op medmindre jeg er syg;0.0;8 timer;0.0;Fiske,Køre på rulleski,Træne det lokale U7-pigehold i fodbold;0.0;5,3 km;0.0;husdyrvidenskab;0.0;Forelæseren skal overholde pauserne;0.0;3;10;1.0
"Hold 04;";156341;Hsyl199235;2023-09-06 09:01:45 UTC;1;hverken ja eller nej;0.0;Ja en del af informationen;0.0;Uden;0.0;ja det vil være en stor fordel for mig;1.0;Jeg har brugt R før men kan intet huske;0.0;Ja;1.0;Hver gang;1.0;Ikke relevant for mig da jeg møder op medmindre jeg er syg;0.0;0;0.0;Renovere sin bolig,Fiske,Træne det lokale U7-pigehold i fodbold;0.0;7,2;0.0;jordbrugsøkonomi;0.0;Forelæseren skal overholde pauserne;0.0;5;8;3.0
"Hold 01;";151884;Hsyl196218;2023-09-06 09:01:04 UTC;1;hverken ja eller nej;0.0;Ja det hele;1.0;Uden;0.0;ja men jeg vil ikke se ret mange af videoerne;0.0;Jeg kan lave nogle simple beregninger i R;0.0;Ja;1.0;Hver gang;1.0;Ikke relevant for mig da jeg møder op medmindre jeg er syg;0.0;0;0.0;Fiske,Køre på rulleski,Træne det lokale U7-pigehold i fodbold;0.0;12,7;0.0;bioteknologi;1.0;Forelæseren skal også sige noget andet end det der står i lærebogen,Der skal være pauser i forelæsningen hvor de studerende skal tænke over nogle faglige ting;0.0;6;7;4.0
"Hold 01;";151884;Hsyl196218;2023-09-06 09:00:49 UTC;1;hverken ja eller nej;0.0;Ja en del af informationen;0.0;Uden;0.0;ja men jeg vil ikke se ret mange af videoerne;0.0;Jeg kan lave nogle simple beregninger i R;0.0;Ja;1.0;Hver gang;1.0;Jeg føler at mit udbytte af at møde op er meget lille;0.0;5,5;0.0;Renovere sin bolig,Fiske,Træne det lokale U7-pigehold i fodbold;0.0;3,6;0.0;bioteknologi;1.0;Forelæseren skal helst sige det samme som i lærebogen,Forelæseren skal overholde pauserne,Der skal være pauser i forelæsningen hvor de studerende skal tænke over nogle faglige ting;0.0;5;8;3.0
"Hold 04;";156341;Hsyl199235;2023-09-06 09:00:47 UTC;1;nej;0.0;Ja en del af informationen;0.0;Med;1.0;ja det vil være en stor fordel for mig;1.0;Jeg har styr på det meste fra tidligere kurser hvor jeg har brugt R;0.0;Ja;1.0;Hver gang;1.0;Ikke relevant for mig da jeg møder op medmindre jeg er syg;0.0;8;0.0;Synge i kor,Fiske,Træne det lokale U7-pigehold i fodbold;0.0;4,5;0.0;husdyrvidenskab;0.0;Forelæseren skal også sige noget andet end det der står i lærebogen,Forelæseren skal overholde pauserne;0.0;6;7;4.0
"Hold 03;";156340;Hsyl199234;2023-09-06 09:00:33 UTC;1;ja;1.0;Ja en del af informationen;0.0;Uden;0.0;ja det vil være en stor fordel for mig;1.0;Jeg kan lave nogle simple beregninger i R;0.0;Ja;1.0;Hver gang;1.0;Ikke relevant for mig da jeg møder op medmindre jeg er syg;0.0;5 timer;0.0;Hækle,Fiske,Træne det lokale U7-pigehold i fodbold;0.0;12,7 km;0.0;bioteknologi;1.0;Forelæseren skal helst sige det samme som i lærebogen,Forelæseren skal overholde pauserne,Der skal være pauser i forelæsningen hvor de studerende skal tænke over nogle faglige ting;0.0;7;6;5.0
"Hold 05;";156342;Hsyl199236;2023-09-06 09:00:32 UTC;1;hverken ja eller nej;0.0;Ja en del af informationen;0.0;Uden;0.0;ja det vil være en stor fordel for mig;1.0;Jeg kan lave nogle simple beregninger i R;0.0;Ja;1.0;Næsten hver gang;0.0;Undervisningen ligger for sent på dagen i forhold til studiejob/andre aktiviteter;0.0;10 timer;0.0;Synge i kor,Køre på rulleski,Træne det lokale U7-pigehold i fodbold;0.0;4,3;0.0;bioteknologi;1.0;Forelæseren skal også sige noget andet end det der står i lærebogen,Forelæseren skal overholde pauserne;0.0;5;8;3.0
"Hold 02;";156339;Hsyl199233;2023-09-06 09:00:27 UTC;1;ja;1.0;Ja det hele;1.0;Uden;0.0;nej det er lige meget;0.0;Jeg kan lave nogle simple beregninger i R;0.0;Ja;1.0;Halvdelen af gangene (ca. 1 gang om ugen);0.0;Ikke relevant for mig da jeg møder op medmindre jeg er syg;0.0;7;0.0;Synge i kor,Køre på rulleski,Træne det lokale U7-pigehold i fodbold;0.0;8,4;0.0;naturressourcer;0.0;;0.0;5;8;3.0
"Hold 04;";156341;Hsyl199235;2023-09-06 09:00:22 UTC;1;ja;1.0;Ja det hele;1.0;Uden;0.0;ja men jeg vil ikke se ret mange af videoerne;0.0;Jeg kan lave nogle simple beregninger i R;0.0;Ja;1.0;Hver gang;1.0;Jeg ikke kan tage mig sammen til at komme ud af døren;1.0;8 timer;0.0;Synge i kor,Fiske,Køre på rulleski;0.0;12,3;0.0;husdyrvidenskab;0.0;Forelæseren skal overholde pauserne,Der skal være pauser i forelæsningen hvor de studerende skal tænke over nogle faglige ting;0.0;7;6;5.0
"Hold 04;";156341;Hsyl199235;2023-09-06 09:00:13 UTC;1;ja;1.0;Ja det hele;1.0;Uden;0.0;ja men jeg vil ikke se ret mange af videoerne;0.0;Jeg har styr på det meste fra tidligere kurser hvor jeg har brugt R;0.0;Ja;1.0;Hver gang;1.0;Jeg føler at mit udbytte af at møde op er meget lille;0.0;0;0.0;Renovere sin bolig,Køre på rulleski,Træne det lokale U7-pigehold i fodbold;0.0;8,3;0.0;bioteknologi;1.0;Forelæseren skal helst sige det samme som i lærebogen,Forelæseren skal også sige noget andet end det der står i lærebogen,Forelæseren skal overholde pauserne;0.0;7;6;5.0
"Hold 03;";156340;Hsyl199234;2023-09-06 09:00:11 UTC;1;ja;1.0;Ja en del af informationen;0.0;Uden;0.0;nej det er lige meget;0.0;Jeg kan lave nogle simple beregninger i R;0.0;Ja;1.0;Næsten hver gang;0.0;Jeg ikke kan tage mig sammen til at komme ud af døren;1.0;0;0.0;Renovere sin bolig,Synge i kor,Køre på rulleski;0.0;10,1;0.0;naturressourcer;0.0;Forelæseren skal også sige noget andet end det der står i lærebogen,Forelæseren skal overholde pauserne;0.0;5;8;3.0
"Hold 03;";156340;Hsyl199234;2023-09-06 09:00:03 UTC;1;hverken ja eller nej;0.0;Nej slet ikke;0.0;Med;1.0;ja men jeg vil ikke se ret mange af videoerne;0.0;Jeg har brugt R før men kan intet huske;0.0;Ja;1.0;Næsten hver gang;0.0;Ikke relevant for mig da jeg møder op medmindre jeg er syg;0.0;1;0.0;Renovere sin bolig,Synge i kor,Træne det lokale U7-pigehold i fodbold;0.0;7,1;0.0;jordbrugsøkonomi;0.0;Forelæseren skal også sige noget andet end det der står i lærebogen;0.0;4;9;2.0
"Hold 05;";156342;Hsyl199236;2023-09-06 08:59:54 UTC;1;hverken ja eller nej;0.0;Ja en del af informationen;0.0;Det har jeg ingen mening om;0.0;ja det vil være en stor fordel for mig;1.0;Jeg har brugt R før men kan intet huske;0.0;Ja;1.0;Næsten hver gang;0.0;Jeg føler at mit udbytte af at møde op er meget lille;0.0;12;0.0;Renovere sin bolig,Fiske,Træne det lokale U7-pigehold i fodbold;0.0;6,3;0.0;husdyrvidenskab;0.0;Forelæseren skal helst sige det samme som i lærebogen;1.0;5;8;3.0
"Hold 05;";156342;Hsyl199236;2023-09-06 08:59:18 UTC;1;ja;1.0;Ja en del af informationen;0.0;Med;1.0;ja men jeg vil ikke se ret mange af videoerne;0.0;Jeg har styr på det meste fra tidligere kurser hvor jeg har brugt R;0.0;Ja;1.0;Næsten hver gang;0.0;Ikke relevant for mig da jeg møder op medmindre jeg er syg;0.0;0;0.0;Synge i kor,Fiske,Træne det lokale U7-pigehold i fodbold;0.0;12.7;0.0;bioteknologi;1.0;Forelæseren skal også sige noget andet end det der står i lærebogen;0.0;6;7;4.0
"Hold 03;";156340;Hsyl199234;2023-09-06 08:58:03 UTC;1;ja;1.0;Ja en del af informationen;0.0;Uden;0.0;ja det vil være en stor fordel for mig;1.0;Jeg har styr på det meste fra tidligere kurser hvor jeg har brugt R;0.0;Ja;1.0;Hver gang;1.0;Ikke relevant for mig da jeg møder op medmindre jeg er syg;0.0;Ikke nogen;0.0;Renovere sin bolig,Køre på rulleski,Træne det lokale U7-pigehold i fodbold;0.0;38,4 km;0.0;jordbrugsøkonomi;0.0;Forelæseren skal også sige noget andet end det der står i lærebogen,Forelæseren skal overholde pauserne;0.0;6;7;4.0
"Hold 04;";156341;Hsyl199235;2023-09-06 08:57:38 UTC;1;hverken ja eller nej;0.0;Ja en del af informationen;0.0;Uden;0.0;ja men jeg vil ikke se ret mange af videoerne;0.0;Jeg kan lave nogle simple beregninger i R;0.0;Ja;1.0;Næsten hver gang;0.0;Ikke relevant for mig da jeg møder op medmindre jeg er syg;0.0;0;0.0;Synge i kor,Køre på rulleski,Træne det lokale U7-pigehold i fodbold;0.0;6.3;0.0;husdyrvidenskab;0.0;Forelæseren skal overholde pauserne,Der skal være pauser i forelæsningen hvor de studerende skal tænke over nogle faglige ting;0.0;3;10;1.0
"Hold 03;";156340;Hsyl199234;2023-09-06 08:56:38 UTC;1;ja;1.0;Nej slet ikke;0.0;Med;1.0;ja men jeg vil ikke se ret mange af videoerne;0.0;Jeg kan lave nogle simple beregninger i R;0.0;Ja;1.0;Hver gang;1.0;Ikke relevant for mig da jeg møder op medmindre jeg er syg;0.0;0;0.0;Renovere sin bolig,Synge i kor,Træne det lokale U7-pigehold i fodbold;0.0;12.0 Km;0.0;bioteknologi;1.0;Forelæseren skal helst sige det samme som i lærebogen,Forelæseren skal også sige noget andet end det der står i lærebogen,Der skal være pauser i forelæsningen hvor de studerende skal tænke over nogle faglige ting;0.0;7;6;5.0
"Hold 01;";151884;Hsyl196218;2023-09-06 08:51:40 UTC;1;ja;1.0;Ja det hele;1.0;Uden;0.0;ja men jeg vil ikke se ret mange af videoerne;0.0;Jeg har styr på det meste fra tidligere kurser hvor jeg har brugt R;0.0;Ja;1.0;Hver gang;1.0;Ikke relevant for mig da jeg møder op medmindre jeg er syg;0.0;8 timer inklusiv undervisning (jeg tager noter for en studerende i dette kursus :-D);0.0;Hækle,Synge i kor,Træne det lokale U7-pigehold i fodbold;0.0;9;0.0;bioteknologi;1.0;Forelæseren skal også sige noget andet end det der står i lærebogen,Forelæseren skal overholde pauserne,Der skal være pauser i forelæsningen hvor de studerende skal tænke over nogle faglige ting;0.0;7;6;5.0
"Hold 04;";156341;Hsyl199235;2023-09-06 08:51:24 UTC;1;ja;1.0;Ja en del af informationen;0.0;Med;1.0;ja men jeg vil ikke se ret mange af videoerne;0.0;Jeg har styr på det meste fra tidligere kurser hvor jeg har brugt R;0.0;Ja;1.0;Hver gang;1.0;Ikke relevant for mig da jeg møder op medmindre jeg er syg;0.0;7-10 timer om ugen, men der kan være nogle outliers nu hvor Black Friday og jul er på vej. Outliers på den dårlig måde.;0.0;Hækle,Køre på rulleski,Træne det lokale U7-pigehold i fodbold;0.0;med 1 decimal;0.0;bioteknologi;1.0;Forelæseren skal også sige noget andet end det der står i lærebogen,Forelæseren skal overholde pauserne,Der skal være pauser i forelæsningen hvor de studerende skal tænke over nogle faglige ting;0.0;7;6;5.0
"Hold 04;";156341;Hsyl199235;2023-09-06 08:50:29 UTC;1;hverken ja eller nej;0.0;Ja en del af informationen;0.0;Uden;0.0;ja men jeg vil ikke se ret mange af videoerne;0.0;Jeg kan lave nogle simple beregninger i R;0.0;Ja;1.0;Næsten hver gang;0.0;Ikke relevant for mig da jeg møder op medmindre jeg er syg;0.0;ca. 10 timer;0.0;Synge i kor,Køre på rulleski,Træne det lokale U7-pigehold i fodbold;0.0;3,1;0.0;bioteknologi;1.0;Forelæseren skal også sige noget andet end det der står i lærebogen,Forelæseren skal overholde pauserne,Der skal være pauser i forelæsningen hvor de studerende skal tænke over nogle faglige ting;0.0;4;9;2.0
"Hold 02;";156339;Hsyl199233;2023-09-06 08:49:18 UTC;1;hverken ja eller nej;0.0;Ja en del af informationen;0.0;Uden;0.0;ja men jeg vil ikke se ret mange af videoerne;0.0;Jeg kan lave nogle simple beregninger i R;0.0;Ja;1.0;Næsten hver gang;0.0;Jeg ikke kan tage mig sammen til at komme ud af døren;1.0;0;0.0;Renovere sin bolig,Fiske,Træne det lokale U7-pigehold i fodbold;0.0;53,6;0.0;naturressourcer;0.0;Forelæseren skal også sige noget andet end det der står i lærebogen,Forelæseren skal overholde pauserne,Der skal være pauser i forelæsningen hvor de studerende skal tænke over nogle faglige ting;0.0;4;9;2.0
"Hold 03;";156340;Hsyl199234;2023-09-06 08:48:47 UTC;1;nej;0.0;Ja en del af informationen;0.0;Uden;0.0;ja det vil være en stor fordel for mig;1.0;Jeg kan lave nogle simple beregninger i R;0.0;Det ved jeg ikke;0.0;Næsten hver gang;0.0;Jeg føler at mit udbytte af at møde op er meget lille;0.0;;0.0;Renovere sin bolig,Fiske,Køre på rulleski;0.0;;0.0;husdyrvidenskab;0.0;Forelæseren skal også sige noget andet end det der står i lærebogen;0.0;3;10;1.0
"Hold 01;";151884;Hsyl196218;2023-09-06 08:47:39 UTC;1;hverken ja eller nej;0.0;Nej slet ikke;0.0;Uden;0.0;ja men jeg vil ikke se ret mange af videoerne;0.0;Jeg kan lave nogle simple beregninger i R;0.0;Det ved jeg ikke;0.0;Næsten hver gang;0.0;Ikke relevant for mig da jeg møder op medmindre jeg er syg;0.0;0;0.0;Fiske,Køre på rulleski,Træne det lokale U7-pigehold i fodbold;0.0;5.2;0.0;bioteknologi;1.0;Der skal være pauser i forelæsningen hvor de studerende skal tænke over nogle faglige ting,Der skal være afsat meget tid til spørgsmål fra de studerende;0.0;3;10;1.0
"Hold 05;";156342;Hsyl199236;2023-09-06 08:46:59 UTC;1;hverken ja eller nej;0.0;Ja en del af informationen;0.0;Uden;0.0;ja det vil være en stor fordel for mig;1.0;Jeg kan lave nogle simple beregninger i R;0.0;Ja;1.0;Næsten hver gang;0.0;Jeg føler at mit udbytte af at møde op er meget lille;0.0;0;0.0;Renovere sin bolig,Hækle,Køre på rulleski;0.0;7.5;0.0;bioteknologi;1.0;Forelæseren skal helst sige det samme som i lærebogen,Forelæseren skal overholde pauserne,Der skal være pauser i forelæsningen hvor de studerende skal tænke over nogle faglige ting;0.0;5;8;3.0
"Hold 03;";156340;Hsyl199234;2023-09-06 08:46:51 UTC;1;nej;0.0;Ja det hele;1.0;Uden;0.0;ja men jeg vil ikke se ret mange af videoerne;0.0;Jeg kan lave nogle simple beregninger i R;0.0;Ja;1.0;Halvdelen af gangene (ca. 1 gang om ugen);0.0;Ikke relevant for mig da jeg møder op medmindre jeg er syg;0.0;13;0.0;Renovere sin bolig,Køre på rulleski,Træne det lokale U7-pigehold i fodbold;0.0;2;0.0;husdyrvidenskab;0.0;Forelæseren skal overholde pauserne;0.0;4;9;2.0
"Hold 01;";151884;Hsyl196218;2023-09-06 08:46:39 UTC;1;ja;1.0;Ja det hele;1.0;Uden;0.0;ja det vil være en stor fordel for mig;1.0;Jeg kan lave nogle simple beregninger i R;0.0;Ja;1.0;Næsten hver gang;0.0;Ikke relevant for mig da jeg møder op medmindre jeg er syg;0.0;8 timer i gennemsnit;0.0;Renovere sin bolig,Hækle,Fiske;0.0;3,4 km;0.0;husdyrvidenskab;0.0;Forelæseren skal helst sige det samme som i lærebogen,Forelæseren skal også sige noget andet end det der står i lærebogen,Der skal være pauser i forelæsningen hvor de studerende skal tænke over nogle faglige ting;0.0;6;7;4.0
"Hold 04;";156341;Hsyl199235;2023-09-06 08:46:05 UTC;1;nej;0.0;Ja det hele;1.0;Det har jeg ingen mening om;0.0;ja men jeg vil ikke se ret mange af videoerne;0.0;Jeg har brugt R før men kan intet huske;0.0;Ja;1.0;Næsten hver gang;0.0;Ikke relevant for mig da jeg møder op medmindre jeg er syg;0.0;17;0.0;Synge i kor,Fiske,Træne det lokale U7-pigehold i fodbold;0.0;8,3;0.0;husdyrvidenskab;0.0;Forelæseren skal også sige noget andet end det der står i lærebogen;0.0;4;9;2.0
"Hold 02;";156339;Hsyl199233;2023-09-06 08:46:03 UTC;1;ja;1.0;Ja en del af informationen;0.0;Uden;0.0;ja men jeg vil ikke se ret mange af videoerne;0.0;Jeg kan lave nogle simple beregninger i R;0.0;Det ved jeg ikke;0.0;Hver gang;1.0;Ikke relevant for mig da jeg møder op medmindre jeg er syg;0.0;10;0.0;Synge i kor,Fiske,Træne det lokale U7-pigehold i fodbold;0.0;6,1;0.0;naturressourcer;0.0;Forelæseren skal også sige noget andet end det der står i lærebogen,Forelæseren skal overholde pauserne;0.0;4;9;2.0
"Hold 05;";156342;Hsyl199236;2023-09-06 08:45:56 UTC;1;hverken ja eller nej;0.0;Ja det hele;1.0;Uden;0.0;ja det vil være en stor fordel for mig;1.0;Jeg kan lave nogle simple beregninger i R;0.0;Ja;1.0;Næsten hver gang;0.0;Ikke relevant for mig da jeg møder op medmindre jeg er syg;0.0;jeg har ikke et lønnet arbejde;0.0;Renovere sin bolig,Synge i kor,Køre på rulleski;0.0;4;0.0;naturressourcer;0.0;Forelæseren skal helst sige det samme som i lærebogen,Forelæseren skal overholde pauserne,Der skal være pauser i forelæsningen hvor de studerende skal tænke over nogle faglige ting;0.0;5;8;3.0
"Hold 04;";156341;Hsyl199235;2023-09-06 08:45:56 UTC;1;nej;0.0;Ja en del af informationen;0.0;Uden;0.0;ja det vil være en stor fordel for mig;1.0;Jeg har aldrig brugt R;1.0;Ja;1.0;Næsten hver gang;0.0;Ikke relevant for mig da jeg møder op medmindre jeg er syg;0.0;12timer;0.0;Synge i kor,Fiske,Køre på rulleski,Træne det lokale U7-pigehold i fodbold;0.0;23,5;0.0;naturressourcer;0.0;Forelæseren skal helst sige det samme som i lærebogen,Forelæseren skal også sige noget andet end det der står i lærebogen,Der skal være pauser i forelæsningen hvor de studerende skal tænke over nogle faglige ting;0.0;5;8;3.0
"Hold 04;";156341;Hsyl199235;2023-09-06 08:45:40 UTC;1;ja;1.0;Ja en del af informationen;0.0;Uden;0.0;ja men jeg vil ikke se ret mange af videoerne;0.0;Jeg kan lave nogle simple beregninger i R;0.0;Det ved jeg ikke;0.0;Hver gang;1.0;Ikke relevant for mig da jeg møder op medmindre jeg er syg;0.0;0;0.0;Hækle,Synge i kor,Køre på rulleski;0.0;5,2;0.0;naturressourcer;0.0;Forelæseren skal helst sige det samme som i lærebogen,Forelæseren skal overholde pauserne;0.0;4;9;2.0
"Hold 03;";156340;Hsyl199234;2023-09-06 08:45:34 UTC;1;ja;1.0;Ja en del af informationen;0.0;Uden;0.0;ja men jeg vil ikke se ret mange af videoerne;0.0;Jeg kan lave nogle simple beregninger i R;0.0;Ja;1.0;Hver gang;1.0;Ikke relevant for mig da jeg møder op medmindre jeg er syg;0.0;8;0.0;Synge i kor,Køre på rulleski,Træne det lokale U7-pigehold i fodbold;0.0;7,5;0.0;naturressourcer;0.0;Forelæseren skal også sige noget andet end det der står i lærebogen,Der skal være pauser i forelæsningen hvor de studerende skal tænke over nogle faglige ting;0.0;5;8;3.0
"Hold 04;";156341;Hsyl199235;2023-09-06 08:45:26 UTC;1;hverken ja eller nej;0.0;Ja det hele;1.0;Uden;0.0;ja det vil være en stor fordel for mig;1.0;Jeg kan lave nogle simple beregninger i R;0.0;Ja;1.0;Næsten hver gang;0.0;Undervisningen ligger for sent på dagen i forhold til studiejob/andre aktiviteter;0.0;5;0.0;Renovere sin bolig,Fiske,Træne det lokale U7-pigehold i fodbold;0.0;12,7;0.0;husdyrvidenskab;0.0;Der skal være pauser i forelæsningen hvor de studerende skal tænke over nogle faglige ting;0.0;5;8;3.0
"Hold 01;";151884;Hsyl196218;2023-09-06 08:45:18 UTC;1;hverken ja eller nej;0.0;Ja en del af informationen;0.0;Det har jeg ingen mening om;0.0;ja men jeg vil ikke se ret mange af videoerne;0.0;Jeg kan lave nogle simple beregninger i R;0.0;Ja;1.0;Næsten hver gang;0.0;Ikke relevant for mig da jeg møder op medmindre jeg er syg;0.0;;0.0;Fiske,Køre på rulleski,Træne det lokale U7-pigehold i fodbold;0.0;5 km;0.0;bioteknologi;1.0;Forelæseren skal helst sige det samme som i lærebogen,Forelæseren skal også sige noget andet end det der står i lærebogen,Forelæseren skal overholde pauserne;0.0;4;9;2.0
"Hold 01;";151884;Hsyl196218;2023-09-06 08:45:14 UTC;1;ja;1.0;Ja en del af informationen;0.0;Uden;0.0;ja det vil være en stor fordel for mig;1.0;Jeg kan lave nogle simple beregninger i R;0.0;Ja;1.0;Næsten hver gang;0.0;Jeg føler at mit udbytte af at møde op er meget lille;0.0;10;0.0;Renovere sin bolig,Fiske,Køre på rulleski;0.0;9,4;0.0;jordbrugsøkonomi;0.0;Forelæseren skal overholde pauserne;0.0;5;8;3.0
"Hold 05;";156342;Hsyl199236;2023-09-06 08:45:11 UTC;1;hverken ja eller nej;0.0;Ja en del af informationen;0.0;Uden;0.0;nej det er lige meget;0.0;Jeg kan lave nogle simple beregninger i R;0.0;Ja;1.0;Næsten hver gang;0.0;Jeg ikke kan tage mig sammen til at komme ud af døren;1.0;7-11;0.0;Renovere sin bolig,Fiske,Køre på rulleski;0.0;2.1;0.0;bioteknologi;1.0;Forelæseren skal også sige noget andet end det der står i lærebogen,Forelæseren skal overholde pauserne,Andre studerende skal lade være med at stille spørgsmål til forelæseren;0.0;5;8;3.0
"Hold 04;";156341;Hsyl199235;2023-09-06 08:45:09 UTC;1;hverken ja eller nej;0.0;Nej slet ikke;0.0;Med;1.0;ja men jeg vil ikke se ret mange af videoerne;0.0;Jeg har brugt R før men kan intet huske;0.0;Ja;1.0;Hver gang;1.0;Jeg føler at mit udbytte af at møde op er meget lille;0.0;13;0.0;Renovere sin bolig,Fiske,Træne det lokale U7-pigehold i fodbold;0.0;10,5;0.0;naturressourcer;0.0;Forelæseren skal helst sige det samme som i lærebogen;1.0;6;7;4.0
"Hold 04;";156341;Hsyl199235;2023-09-06 08:45:00 UTC;1;ja;1.0;Ja en del af informationen;0.0;Uden;0.0;ja det vil være en stor fordel for mig;1.0;Jeg kan lave nogle simple beregninger i R;0.0;Ja;1.0;Hver gang;1.0;Ikke relevant for mig da jeg møder op medmindre jeg er syg;0.0;16 h;0.0;Synge i kor,Køre på rulleski,Træne det lokale U7-pigehold i fodbold;0.0;10,5;0.0;naturressourcer;0.0;Forelæseren skal også sige noget andet end det der står i lærebogen,Forelæseren skal overholde pauserne,Der skal være afsat meget tid til spørgsmål fra de studerende;0.0;6;7;4.0
"Hold 02;";156339;Hsyl199233;2023-09-06 08:44:56 UTC;1;hverken ja eller nej;0.0;Ja det hele;1.0;Det har jeg ingen mening om;0.0;ja det vil være en stor fordel for mig;1.0;Jeg har brugt R før men kan intet huske;0.0;Ja;1.0;Hver gang;1.0;Undervisningen ligger for sent på dagen i forhold til studiejob/andre aktiviteter;0.0;9 timer;0.0;Renovere sin bolig,Synge i kor,Køre på rulleski;0.0;10,2;0.0;bioteknologi;1.0;Forelæseren skal helst sige det samme som i lærebogen,Forelæseren skal overholde pauserne;0.0;7;6;5.0
"Hold 01;";151884;Hsyl196218;2023-09-06 08:44:50 UTC;1;hverken ja eller nej;0.0;Nej slet ikke;0.0;Uden;0.0;ja det vil være en stor fordel for mig;1.0;Jeg har styr på det meste fra tidligere kurser hvor jeg har brugt R;0.0;Ja;1.0;Hver gang;1.0;Ikke relevant for mig da jeg møder op medmindre jeg er syg;0.0;0;0.0;Hækle,Synge i kor,Træne det lokale U7-pigehold i fodbold;0.0;42;0.0;husdyrvidenskab;0.0;Forelæseren skal også sige noget andet end det der står i lærebogen;0.0;5;8;3.0
"Hold 04;";156341;Hsyl199235;2023-09-06 08:44:49 UTC;1;ja;1.0;Ja en del af informationen;0.0;Uden;0.0;ja men jeg vil ikke se ret mange af videoerne;0.0;Jeg kan lave nogle simple beregninger i R;0.0;Ja;1.0;Hver gang;1.0;Ikke relevant for mig da jeg møder op medmindre jeg er syg;0.0;0;0.0;Synge i kor,Fiske,Træne det lokale U7-pigehold i fodbold;0.0;7,2;0.0;naturressourcer;0.0;Forelæseren skal helst sige det samme som i lærebogen,Forelæseren skal overholde pauserne;0.0;5;8;3.0
"Hold 04;";156341;Hsyl199235;2023-09-06 08:44:28 UTC;1;hverken ja eller nej;0.0;Ja en del af informationen;0.0;Med;1.0;ja men jeg vil ikke se ret mange af videoerne;0.0;Jeg har brugt R før men kan intet huske;0.0;Ja;1.0;Halvdelen af gangene (ca. 1 gang om ugen);0.0;Undervisningen ligger for sent på dagen i forhold til studiejob/andre aktiviteter;0.0;10 timer;0.0;Renovere sin bolig,Fiske,Træne det lokale U7-pigehold i fodbold;0.0;12,3;0.0;naturressourcer;0.0;Forelæseren skal også sige noget andet end det der står i lærebogen,Der skal være pauser i forelæsningen hvor de studerende skal tænke over nogle faglige ting;0.0;4;9;2.0
"Hold 05;";156342;Hsyl199236;2023-09-06 08:44:27 UTC;1;hverken ja eller nej;0.0;Ja en del af informationen;0.0;Det har jeg ingen mening om;0.0;ja men jeg vil ikke se ret mange af videoerne;0.0;Jeg kan lave nogle simple beregninger i R;0.0;Ja;1.0;Halvdelen af gangene (ca. 1 gang om ugen);0.0;Jeg føler at mit udbytte af at møde op er meget lille;0.0;;0.0;;0.0;8,5km;0.0;bioteknologi;1.0;Der skal være pauser i forelæsningen hvor de studerende skal tænke over nogle faglige ting;0.0;4;9;2.0
"Hold 02;";156339;Hsyl199233;2023-09-06 08:44:27 UTC;1;ja;1.0;Ja det hele;1.0;Uden;0.0;ja det vil være en stor fordel for mig;1.0;Jeg kan lave nogle simple beregninger i R;0.0;Ja;1.0;Hver gang;1.0;Ikke relevant for mig da jeg møder op medmindre jeg er syg;0.0;35 timer;0.0;Fiske,Køre på rulleski,Træne det lokale U7-pigehold i fodbold;0.0;30;0.0;bioteknologi;1.0;Forelæseren skal helst sige det samme som i lærebogen;1.0;9;4;7.0
"Hold 02;";156339;Hsyl199233;2023-09-06 08:44:25 UTC;1;hverken ja eller nej;0.0;Ja det hele;1.0;Med;1.0;ja men jeg vil ikke se ret mange af videoerne;0.0;Jeg har styr på det meste fra tidligere kurser hvor jeg har brugt R;0.0;Ja;1.0;Næsten hver gang;0.0;Ikke relevant for mig da jeg møder op medmindre jeg er syg;0.0;0;0.0;Fiske,Køre på rulleski,Træne det lokale U7-pigehold i fodbold;0.0;8,4;0.0;husdyrvidenskab;0.0;Forelæseren skal også sige noget andet end det der står i lærebogen;0.0;5;8;3.0
"Hold 01;";151884;Hsyl196218;2023-09-06 08:44:21 UTC;1;hverken ja eller nej;0.0;Ja en del af informationen;0.0;Uden;0.0;ja det vil være en stor fordel for mig;1.0;Jeg kan lave nogle simple beregninger i R;0.0;Ja;1.0;Hver gang;1.0;Ikke relevant for mig da jeg møder op medmindre jeg er syg;0.0;10-15 timer;0.0;Synge i kor,Fiske,Træne det lokale U7-pigehold i fodbold;0.0;15;0.0;naturressourcer;0.0;Forelæseren skal også sige noget andet end det der står i lærebogen,Forelæseren skal overholde pauserne;0.0;5;8;3.0
"Hold 02;";156339;Hsyl199233;2023-09-06 08:44:07 UTC;1;hverken ja eller nej;0.0;Ja en del af informationen;0.0;Med;1.0;ja det vil være en stor fordel for mig;1.0;Jeg har styr på det meste fra tidligere kurser hvor jeg har brugt R;0.0;Ja;1.0;Hver gang;1.0;Ikke relevant for mig da jeg møder op medmindre jeg er syg;0.0;8-10 timer ugentlig;0.0;Renovere sin bolig,Fiske,Træne det lokale U7-pigehold i fodbold;0.0;15;0.0;husdyrvidenskab;0.0;Forelæseren skal overholde pauserne;0.0;6;7;4.0
"Hold 04;";156341;Hsyl199235;2023-09-06 08:43:56 UTC;1;hverken ja eller nej;0.0;Ja en del af informationen;0.0;Uden;0.0;ja det vil være en stor fordel for mig;1.0;Jeg kan lave nogle simple beregninger i R;0.0;Ja;1.0;Hver gang;1.0;Ikke relevant for mig da jeg møder op medmindre jeg er syg;0.0;15;0.0;Synge i kor,Fiske,Træne det lokale U7-pigehold i fodbold;0.0;1.1;0.0;bioteknologi;1.0;Forelæseren skal overholde pauserne;0.0;6;7;4.0
"Hold 01;";151884;Hsyl196218;2023-09-06 08:43:52 UTC;1;ja;1.0;Ja en del af informationen;0.0;Med;1.0;ja det vil være en stor fordel for mig;1.0;Jeg kan lave nogle simple beregninger i R;0.0;Ja;1.0;Hver gang;1.0;Undervisningen ligger for sent på dagen i forhold til studiejob/andre aktiviteter;0.0;8 til 16 timer om ugen.;0.0;Renovere sin bolig,Køre på rulleski,Træne det lokale U7-pigehold i fodbold;0.0;13,4;0.0;bioteknologi;1.0;Forelæseren skal også sige noget andet end det der står i lærebogen,Forelæseren skal overholde pauserne,Der skal være pauser i forelæsningen hvor de studerende skal tænke over nogle faglige ting;0.0;8;5;6.0
"Hold 03;";156340;Hsyl199234;2023-09-06 08:43:52 UTC;1;hverken ja eller nej;0.0;Ja en del af informationen;0.0;Uden;0.0;ja men jeg vil ikke se ret mange af videoerne;0.0;Jeg kan lave nogle simple beregninger i R;0.0;Ja;1.0;Næsten hver gang;0.0;Ikke relevant for mig da jeg møder op medmindre jeg er syg;0.0;10;0.0;Renovere sin bolig,Fiske,Træne det lokale U7-pigehold i fodbold;0.0;10,6;0.0;naturressourcer;0.0;Forelæseren skal helst sige det samme som i lærebogen,Forelæseren skal også sige noget andet end det der står i lærebogen;0.0;3;10;1.0
"Hold 04;";156341;Hsyl199235;2023-09-06 08:43:40 UTC;1;hverken ja eller nej;0.0;Ja det hele;1.0;Med;1.0;nej det er lige meget;0.0;Jeg kan lave nogle simple beregninger i R;0.0;Ja;1.0;Næsten hver gang;0.0;Ikke relevant for mig da jeg møder op medmindre jeg er syg;0.0;12;0.0;Synge i kor,Fiske,Træne det lokale U7-pigehold i fodbold;0.0;8,5;0.0;naturressourcer;0.0;Forelæseren skal også sige noget andet end det der står i lærebogen,Der skal være pauser i forelæsningen hvor de studerende skal tænke over nogle faglige ting;0.0;5;8;3.0
"Hold 04;";156341;Hsyl199235;2023-09-06 08:43:15 UTC;1;ja;1.0;Ja det hele;1.0;Med;1.0;ja det vil være en stor fordel for mig;1.0;Jeg har brugt R før men kan intet huske;0.0;Ja;1.0;Hver gang;1.0;Ikke relevant for mig da jeg møder op medmindre jeg er syg;0.0;;0.0;Renovere sin bolig,Fiske,Træne det lokale U7-pigehold i fodbold;0.0;1;0.0;bioteknologi;1.0;Forelæseren skal også sige noget andet end det der står i lærebogen;0.0;9;4;7.0
"Hold 03;";156340;Hsyl199234;2023-09-06 08:41:32 UTC;1;hverken ja eller nej;0.0;Ja en del af informationen;0.0;Med;1.0;ja det vil være en stor fordel for mig;1.0;Jeg kan lave nogle simple beregninger i R;0.0;Ja;1.0;Hver gang;1.0;Jeg ønsker ikke at svare;0.0;8 timer og 30 min;0.0;Renovere sin bolig,Hækle,Synge i kor,Fiske,Køre på rulleski,Træne det lokale U7-pigehold i fodbold;0.0;2 meter;0.0;naturressourcer;0.0;Forelæseren skal også sige noget andet end det der står i lærebogen,Forelæseren skal overholde pauserne,Der skal være pauser i forelæsningen hvor de studerende skal tænke over nogle faglige ting,Der skal være afsat meget tid til spørgsmål fra de studerende;0.0;6;7;4.0
"Hold 04;";156341;Hsyl199235;2023-09-06 08:14:27 UTC;1;ja;1.0;Ja en del af informationen;0.0;Uden;0.0;ja det vil være en stor fordel for mig;1.0;Jeg kan lave nogle simple beregninger i R;0.0;Ja;1.0;Hver gang;1.0;Ikke relevant for mig da jeg møder op medmindre jeg er syg;0.0;"0 timer. Arbejdsløs ;(";0.0;Renovere sin bolig,Fiske,Træne det lokale U7-pigehold i fodbold;0.0;6,7 km.;0.0;bioteknologi;1.0;Forelæseren skal også sige noget andet end det der står i lærebogen,Forelæseren skal overholde pauserne,Der skal være pauser i forelæsningen hvor de studerende skal tænke over nogle faglige ting;0.0;7;6;5.0
"Hold 02;";156339;Hsyl199233;2023-09-06 08:12:15 UTC;1;ja;1.0;Ja en del af informationen;0.0;Uden;0.0;ja det vil være en stor fordel for mig;1.0;Jeg kan lave nogle simple beregninger i R;0.0;Ja;1.0;Hver gang;1.0;Ikke relevant for mig da jeg møder op medmindre jeg er syg;0.0;10 timer ugentligt;0.0;Renovere sin bolig,Fiske,Træne det lokale U7-pigehold i fodbold;0.0;7 km;0.0;husdyrvidenskab;0.0;Forelæseren skal også sige noget andet end det der står i lærebogen,Forelæseren skal overholde pauserne,Der skal være pauser i forelæsningen hvor de studerende skal tænke over nogle faglige ting;0.0;6;7;4.0
"Hold 02;";156339;Hsyl199233;2023-09-06 08:10:30 UTC;1;ja;1.0;Ja en del af informationen;0.0;Med;1.0;ja det vil være en stor fordel for mig;1.0;Jeg har styr på det meste fra tidligere kurser hvor jeg har brugt R;0.0;Det ved jeg ikke;0.0;Hver gang;1.0;Ikke relevant for mig da jeg møder op medmindre jeg er syg;0.0;0;0.0;Renovere sin bolig,Fiske,Køre på rulleski;0.0;952m;0.0;husdyrvidenskab;0.0;Forelæseren skal også sige noget andet end det der står i lærebogen,Der skal være pauser i forelæsningen hvor de studerende skal tænke over nogle faglige ting,Andre studerende skal lade være med at stille spørgsmål til forelæseren;0.0;6;7;4.0
"Hold 02;";156339;Hsyl199233;2023-09-06 08:10:21 UTC;1;ja;1.0;Ja det hele;1.0;Uden;0.0;ja det vil være en stor fordel for mig;1.0;Jeg har brugt R før men kan intet huske;0.0;Ja;1.0;Hver gang;1.0;Jeg ønsker ikke at svare;0.0;Jeg bruger mellem 10-20 timer om ugen. Primært fordi jeg møder ind efter skole som er kl 16..også kan jeg ikke overskue at lave lektier når jeg har fri kl 17 fx.;0.0;Hækle,Køre på rulleski,Træne det lokale U7-pigehold i fodbold;0.0;Der er ihvertfal 6,5 km. Du cykler på dine trehjulede uden hjelm.;0.0;husdyrvidenskab;0.0;Forelæseren skal helst sige det samme som i lærebogen,Der skal være pauser i forelæsningen hvor de studerende skal tænke over nogle faglige ting,Andre studerende skal lade være med at stille spørgsmål til forelæseren;0.0;7;6;5.0
"Hold 02;";156339;Hsyl199233;2023-09-06 08:10:20 UTC;1;hverken ja eller nej;0.0;Ja en del af informationen;0.0;Uden;0.0;ja det vil være en stor fordel for mig;1.0;Jeg har brugt R før men kan intet huske;0.0;Ja;1.0;Halvdelen af gangene (ca. 1 gang om ugen);0.0;Jeg ikke kan tage mig sammen til at komme ud af døren;1.0;"Jeg bruger mellem 12 og 20 timer alt efter hvor travlt arbejde er :( 

men gratis produkts og frokost er en mega bonus :)";0.0;Hækle,Synge i kor,Træne det lokale U7-pigehold i fodbold;0.0;40,2;0.0;jordbrugsøkonomi;0.0;Forelæseren skal også sige noget andet end det der står i lærebogen;0.0;5;8;3.0
"Hold 02;";156339;Hsyl199233;2023-09-06 08:07:44 UTC;1;nej;0.0;Ja en del af informationen;0.0;Uden;0.0;ja men jeg vil ikke se ret mange af videoerne;0.0;Jeg kan lave nogle simple beregninger i R;0.0;Ja;1.0;Hver gang;1.0;Ikke relevant for mig da jeg møder op medmindre jeg er syg;0.0;0;0.0;Renovere sin bolig,Køre på rulleski,Træne det lokale U7-pigehold i fodbold;0.0;3,5;0.0;bioteknologi;1.0;Forelæseren skal helst sige det samme som i lærebogen,Forelæseren skal også sige noget andet end det der står i lærebogen,Forelæseren skal overholde pauserne,Der skal være pauser i forelæsningen hvor de studerende skal tænke over nogle faglige ting;0.0;5;8;3.0
"Hold 01;";151884;Hsyl196218;2023-09-06 08:07:21 UTC;1;nej;0.0;Ja en del af informationen;0.0;Uden;0.0;ja men jeg vil ikke se ret mange af videoerne;0.0;Jeg kan lave nogle simple beregninger i R;0.0;Ja;1.0;Næsten hver gang;0.0;Ikke relevant for mig da jeg møder op medmindre jeg er syg;0.0;6 timer cirkus;0.0;Renovere sin bolig,Fiske,Træne det lokale U7-pigehold i fodbold;0.0;18,4;0.0;jordbrugsøkonomi;0.0;Forelæseren skal helst sige det samme som i lærebogen,Forelæseren skal også sige noget andet end det der står i lærebogen,Forelæseren skal overholde pauserne,Der skal være pauser i forelæsningen hvor de studerende skal tænke over nogle faglige ting;0.0;3;10;1.0
"Hold 04;";156341;Hsyl199235;2023-09-06 08:07:16 UTC;1;ja;1.0;Ja en del af informationen;0.0;Uden;0.0;ja men jeg vil ikke se ret mange af videoerne;0.0;Jeg kan lave nogle simple beregninger i R;0.0;Ja;1.0;Hver gang;1.0;Ikke relevant for mig da jeg møder op medmindre jeg er syg;0.0;15-20;0.0;Synge i kor,Fiske,Køre på rulleski;0.0;6,3 km;0.0;jordbrugsøkonomi;0.0;Forelæseren skal også sige noget andet end det der står i lærebogen,Forelæseren skal overholde pauserne;0.0;5;8;3.0
"Hold 02;";156339;Hsyl199233;2023-09-06 08:07:15 UTC;1;hverken ja eller nej;0.0;Ja en del af informationen;0.0;Uden;0.0;ja men jeg vil ikke se ret mange af videoerne;0.0;Jeg har brugt R før men kan intet huske;0.0;Ja;1.0;Næsten hver gang;0.0;Ikke relevant for mig da jeg møder op medmindre jeg er syg;0.0;15 timer;0.0;Renovere sin bolig,Synge i kor,Træne det lokale U7-pigehold i fodbold;0.0;4,3;0.0;jordbrugsøkonomi;0.0;Andre studerende skal lade være med at stille spørgsmål til forelæseren;0.0;3;10;1.0
"Hold 05;";156342;Hsyl199236;2023-09-06 08:07:07 UTC;1;nej;0.0;Ja det hele;1.0;Uden;0.0;nej det er lige meget;0.0;Jeg kan lave nogle simple beregninger i R;0.0;Ja;1.0;Hver gang;1.0;Ikke relevant for mig da jeg møder op medmindre jeg er syg;0.0;8-12 timer;0.0;Renovere sin bolig,Synge i kor,Træne det lokale U7-pigehold i fodbold;0.0;6.3 km;0.0;jordbrugsøkonomi;0.0;Forelæseren skal også sige noget andet end det der står i lærebogen,Forelæseren skal overholde pauserne;0.0;5;8;3.0
"Hold 02;";156339;Hsyl199233;2023-09-06 08:06:48 UTC;1;hverken ja eller nej;0.0;Ja en del af informationen;0.0;Uden;0.0;ja det vil være en stor fordel for mig;1.0;Jeg kan lave nogle simple beregninger i R;0.0;Ja;1.0;Hver gang;1.0;Ikke relevant for mig da jeg møder op medmindre jeg er syg;0.0;15-20timer;0.0;Renovere sin bolig,Fiske,Træne det lokale U7-pigehold i fodbold;0.0;10km;0.0;naturressourcer;0.0;Forelæseren skal også sige noget andet end det der står i lærebogen,Forelæseren skal overholde pauserne,Der skal være afsat meget tid til spørgsmål fra de studerende;0.0;5;8;3.0
"Hold 02;";156339;Hsyl199233;2023-09-05 21:43:54 UTC;1;hverken ja eller nej;0.0;Ja en del af informationen;0.0;Med;1.0;ja det vil være en stor fordel for mig;1.0;Jeg kan lave nogle simple beregninger i R;0.0;Ja;1.0;Næsten hver gang;0.0;Jeg føler at mit udbytte af at møde op er meget lille;0.0;0;0.0;Synge i kor,Køre på rulleski,Træne det lokale U7-pigehold i fodbold;0.0;10.0;0.0;husdyrvidenskab;0.0;Forelæseren skal også sige noget andet end det der står i lærebogen,Forelæseren skal overholde pauserne,Der skal være pauser i forelæsningen hvor de studerende skal tænke over nogle faglige ting;0.0;5;8;3.0